id,revenue
3001,14140132.319257416
3002,1656227.6905356564
3003,9543118.35598208
3004,6706071.364647233
3005,1301493.5170130953
3006,3128860.677662051
3007,5132113.987309555
3008,46579285.935544915
3009,22538863.22030443
3010,325431025.2009978
3011,265882.0527994736
3012,481376.41577162215
3013,81775351.16112624
3014,610773.3426791783
3015,38505299.854129374
3016,134497.82333401046
3017,74490390.04044254
3018,51817576.89351042
3019,15561787.877714125
3020,507857533.80075645
3021,54254850.62593751
3022,79878002.93073887
3023,55226.46964912329
3024,19683647.95401674
3025,565106.6567570431
3026,54829981.042583145
3027,5144050.351612022
3028,58500695.68502213
3029,127288.53225837673
3030,47320821.22894034
3031,15714925.523745488
3032,3699925.9033793076
3033,4832.7756802671665
3034,164528.19463513652
3035,577494.902731991
3036,1295735.5471884725
3037,65657074.61172365
3038,34480492.54411436
3039,10402570.111969573
3040,1266552.3396169206
3041,11935431.767071925
3042,652150.9730643171
3043,2578330.3117834856
3044,5027528.860176606
3045,523596133.0554186
3046,1764646.6921571856
3047,1859638.8844134607
3048,35895027.80523678
3049,38690253.9604529
3050,38863114.289289825
3051,1887.7671841141482
3052,6586256.5532315
3053,176312.42379627546
3054,542744.3023520494
3055,61334586.987480424
3056,145131.67123488712
3057,32628030.952825643
3058,354157396.3765241
3059,1163430.0654849953
3060,72640606.66943134
3061,113824907.35315394
3062,7751071.433288131
3063,13485872.707154293
3064,32822630.64300878
3065,42189507.57150169
3066,120811966.04915833
3067,725145.2365999473
3068,87852789.22600028
3069,318234108.4815522
3070,1657037.436603547
3071,19558507.514568035
3072,453709719.4336766
3073,1577035.416448681
3074,329762.6341016956
3075,27902381.90468803
3076,156060077.30507725
3077,12724831.390021432
3078,43946834.35191337
3079,46525530.45997244
3080,188575180.81942704
3081,5158318.779727263
3082,5266175.321072197
3083,1183606.343075353
3084,6069.883591835127
3085,10695820.90127375
3086,51561966.05628947
3087,216686.90842532332
3088,163241.93866268854
3089,29998.675083715647
3090,24041718.943573635
3091,54649840.508627035
3092,4480618.5267723575
3093,147315014.44427398
3094,83395668.50950558
3095,68571466.0786547
3096,444744.3986328227
3097,782865012.8885161
3098,48006664.37839467
3099,32520956.02172909
3100,1092148.4345242728
3101,17630497.34328429
3102,928243.4972123248
3103,106274.83760426246
3104,158641.16734460622
3105,86336561.16637069
3106,19887904.716199886
3107,17962786.28720398
3108,7378626.255544724
3109,7446960.7476504
3110,324560773.50787866
3111,3559932.5964226956
3112,525543.6273017706
3113,7424924.049672142
3114,18094418.796553906
3115,13713693.53538906
3116,7619100.049808887
3117,305790.042593423
3118,677823.3834992715
3119,102533162.70261261
3120,42616050.49110108
3121,160478.39869758868
3122,8825785.542032978
3123,4008002.1326640616
3124,1111825.8301173907
3125,145912.64372938502
3126,44265368.21841794
3127,3712479.253074927
3128,32229670.248256598
3129,250636869.64737418
3130,13055240.655662468
3131,1501331.2955961525
3132,3812913.08879195
3133,332680.1058901627
3134,3712300.0716609443
3135,454033.96564738225
3136,507101.6685246092
3137,76974653.4233379
3138,681391.1963858521
3139,50193294.94889732
3140,71462560.00296658
3141,12980660.12669238
3142,105978.10703920148
3143,168977525.07417092
3144,9604034.571753472
3145,5490689.972816193
3146,761217.6794919409
3147,29822811.00494753
3148,2252324.5930133634
3149,32935847.46028448
3150,124265779.94304061
3151,2015690.8397024402
3152,5152600.266824957
3153,3316663.430411227
3154,6449277.084929694
3155,12476936.380264582
3156,4916743.771327123
3157,16000691.381686414
3158,164672314.87976786
3159,3944361.298508273
3160,7992244.35092198
3161,195133.57235581538
3162,1233692.7878191043
3163,111813446.14942005
3164,1097186.4653071107
3165,149596.06366309727
3166,326152.0452477855
3167,115492737.0388909
3168,226720.62228465575
3169,25607251.329824936
3170,8685916.975835927
3171,11785322.325991556
3172,24186552.515562665
3173,425113.1407266596
3174,674882.3523997907
3175,4534887.055676575
3176,8684697.771158848
3177,55683949.517288506
3178,1416116.694480896
3179,5059601.6718235435
3180,4414677.655424551
3181,435968.20018798904
3182,163226863.1368781
3183,24344212.73053543
3184,56132862.24007787
3185,110991414.92470156
3186,133851207.55678298
3187,1586226.6535024028
3188,8095866.503676818
3189,74160170.87095053
3190,2889299.6655977513
3191,9125862.789686525
3192,2761234.3607472777
3193,289447673.08632916
3194,56646179.51402003
3195,182588.0497575082
3196,2693188.345369061
3197,2930218.7014359944
3198,110845791.73871663
3199,450979542.4515767
3200,10710623.992102249
3201,975586.5943478325
3202,3392889.654955454
3203,1904814.3884145087
3204,1117978.0967935957
3205,775460.0123358212
3206,5635213.5888743885
3207,16949842.269316044
3208,2828563.3753333553
3209,7941485.2296896335
3210,619949023.4411138
3211,839126.6073232089
3212,40804192.879611954
3213,24863711.28259796
3214,7354814.319421591
3215,2945079.85790264
3216,723019.7628107328
3217,548899211.7687569
3218,955046.1660786824
3219,1102273.1535588508
3220,42671466.69924842
3221,1931047.723993308
3222,1054493.6848268576
3223,20518791.99558315
3224,247639.53023014867
3225,9468347.246457139
3226,3170783.634584067
3227,54775014.02249044
3228,148377470.0784137
3229,108809913.64220645
3230,21999599.184318606
3231,47523673.28747352
3232,48356687.592042
3233,3847562.388882858
3234,2000638.14371669
3235,690925.775987842
3236,187172.04755419857
3237,3124694.643091714
3238,4815580.938348204
3239,88847.7681947064
3240,443738597.2770553
3241,3177409.9495169534
3242,8550480.317512048
3243,3319329.928140027
3244,407472.0011709671
3245,2351333.783023611
3246,31751594.42786128
3247,54672436.44651298
3248,21903588.6436068
3249,77426936.41549022
3250,230415932.52180186
3251,698470.7727232138
3252,17339104.188580293
3253,51250180.66687994
3254,109060.31747468065
3255,64065.62034688161
3256,43764579.56792503
3257,2131896.9048068468
3258,12908786.356112156
3259,32035617.065524727
3260,891614.9187934955
3261,344353858.4309146
3262,37583208.84686637
3263,574382.3355264659
3264,38740.9420360953
3265,21145.3173128368
3266,375663.713635812
3267,17763459.777987294
3268,107535.90110978083
3269,34025579.263896324
3270,25061612.84035096
3271,148646.165402711
3272,7942194.899961139
3273,4295744.543944291
3274,542170252.7632724
3275,7848649.739800793
3276,711034.877644959
3277,44822704.958144106
3278,40540700.635917224
3279,134051.58069712095
3280,198760162.52444667
3281,137156.84401883854
3282,2644454.024084344
3283,391271698.2222197
3284,47414047.34505155
3285,90228549.57509054
3286,698869.1385381015
3287,2263816.588737631
3288,23112002.393864457
3289,24223427.876052156
3290,107915219.66598654
3291,22558934.48231575
3292,173591046.12677538
3293,69725134.73280163
3294,3195837.346499573
3295,5304093.905376492
3296,167516.43648089955
3297,2201984.8006266314
3298,15162797.475811996
3299,4918598.724215677
3300,23381266.89229724
3301,92728.75356890658
3302,709674.2646607909
3303,329581.3581583836
3304,6872977.725598583
3305,59202391.98155901
3306,291533.93411668454
3307,51233121.30256622
3308,13870584.825321438
3309,298011.6616227049
3310,2551346.5906964378
3311,3830793.5424989527
3312,729433.1359493448
3313,97950470.70559461
3314,13858995.74418522
3315,59489319.3450283
3316,15350559.867367804
3317,156588.5521819419
3318,162131.83443563827
3319,4443205.014409492
3320,8654504.646657987
3321,4676332.931774292
3322,2901596.9247084153
3323,99710601.18036893
3324,3470474.5787351974
3325,51559779.67016841
3326,180834459.103531
3327,62559441.56988992
3328,27366754.08541814
3329,5207610.781298319
3330,46240431.4548473
3331,1167865.202758726
3332,30530969.96483216
3333,93569555.5528064
3334,5091129.252775981
3335,19436408.200504877
3336,8109371.127425358
3337,90967.23112131692
3338,14207010.420129154
3339,2064647.6191937719
3340,108015956.55672403
3341,8730219.98676635
3342,67514140.08554977
3343,24960543.22081558
3344,800184.9673478202
3345,90865.34425816663
3346,23715240.16077975
3347,169228.25079068402
3348,24980796.65669849
3349,40477020.10975879
3350,271836272.3097236
3351,37925449.955092326
3352,3111848.5311903306
3353,75684825.71094066
3354,3914535.0104667535
3355,2464680.787787437
3356,12518806.047586473
3357,554039.3204271732
3358,4032092.875422282
3359,11953259.04480324
3360,14529394.982621541
3361,141804020.2537449
3362,6938594.561347075
3363,15292380.37606971
3364,16982465.252555095
3365,373506.7101741957
3366,134149316.35036305
3367,119880158.33555236
3368,1131829.3835176318
3369,11401990.976422187
3370,59597245.968371056
3371,24148656.171305325
3372,10356033.997901423
3373,78766354.79093425
3374,10096558.251798548
3375,112462788.38374633
3376,25507998.446973696
3377,5697232.091361786
3378,2983116.720473643
3379,119538586.31454429
3380,36685777.00587402
3381,288938.66023894487
3382,475701.9905490111
3383,1886991.843442591
3384,52501661.18419186
3385,60070803.61731874
3386,408411.09032367956
3387,401840.9218018849
3388,87023323.13617007
3389,787247637.1187975
3390,1917629.8016281105
3391,11187233.339106197
3392,10341006.593011796
3393,3334189.8291715137
3394,70718407.47632283
3395,130124305.12428388
3396,4949076.85789287
3397,12942.346164074443
3398,310033809.56729215
3399,52000731.52451027
3400,756556.9969014343
3401,3052318.7943152008
3402,808207.0090036948
3403,49801240.19466502
3404,9848687.025425337
3405,10216067.958762873
3406,107394214.38823108
3407,197953455.90579963
3408,55422319.7257229
3409,920078.7213440799
3410,33104540.472908773
3411,93135715.64375097
3412,15152602.499544397
3413,26572997.539123718
3414,2166075.4482594864
3415,17597402.9921423
3416,23523482.047627147
3417,60097662.48809776
3418,54189356.996534735
3419,273484682.6501962
3420,1232401.4174713034
3421,3261989.1475969176
3422,728892.1171638389
3423,439872626.157821
3424,45243.25925101695
3425,314013.6803716831
3426,2326652.604524316
3427,30907082.989280168
3428,1435488.5963884564
3429,15255193.639895095
3430,410675616.481037
3431,803285.8582232569
3432,7392855.342581088
3433,6336099.637576621
3434,19590523.007510588
3435,870759273.0372926
3436,60001803.30009944
3437,2351837.059919479
3438,31422369.485276114
3439,56527399.91936487
3440,31350957.47339443
3441,37211891.9191498
3442,2471671.8124070116
3443,1080866.7905583768
3444,555952.4695723726
3445,90786147.97601631
3446,329383.970491818
3447,1336456.9924429897
3448,23640168.31816024
3449,12089642.63768448
3450,85962096.71048725
3451,55188580.192595914
3452,20267808.10948549
3453,49713957.96171073
3454,32712209.154582012
3455,2077512.4314559745
3456,143195079.1328257
3457,14124378.731608296
3458,11284539.804736312
3459,581153618.4861734
3460,5611273.004700433
3461,3789755.4444301403
3462,5943778.577655008
3463,9705656.996133694
3464,416098.63999755617
3465,17047629.60073817
3466,19344020.98486317
3467,8669633.381517908
3468,102361609.36888318
3469,4271035.939525014
3470,184699.6962894114
3471,30952201.55026671
3472,532675.4450274146
3473,30924582.583177175
3474,25388264.7689987
3475,256194554.8398349
3476,6732123.571288246
3477,23282709.99524128
3478,2923821.6304327655
3479,220755980.20941067
3480,1776132.4435340457
3481,2281400.704231746
3482,2408393.481477759
3483,1084867.2292360626
3484,252173.9055942382
3485,123818075.98842983
3486,59169028.06366292
3487,139592649.14872363
3488,100323745.11196595
3489,6137622.198193126
3490,13101662.961809153
3491,20874178.77645176
3492,5588437.787480059
3493,11998075.255989341
3494,320225.77692304866
3495,91535729.13731407
3496,4214843.476098366
3497,41473521.90485939
3498,2199024.2289086757
3499,35292396.90747458
3500,112402.34129274018
3501,109061398.76811686
3502,44520679.1699648
3503,18580295.057817325
3504,24983968.23816538
3505,3125646.7218851675
3506,88178532.91460277
3507,220041753.75420907
3508,12662040.858349288
3509,4162707.779038291
3510,16164537.038194302
3511,14082235.083579844
3512,160702060.17434132
3513,7102641.315582122
3514,11517235.00660218
3515,658551.9607378485
3516,14200702.313478917
3517,701629290.8745565
3518,23701906.864828028
3519,1143362.6547553546
3520,1273740.025968341
3521,190147.14748198577
3522,11341970.08053802
3523,5341250.118092422
3524,73406488.83688182
3525,136596503.08130145
3526,5950673.50731384
3527,7628762.416184946
3528,6131102.607461882
3529,213130589.63143644
3530,43676632.650858395
3531,65736459.32444322
3532,58097335.70674197
3533,59629328.94819856
3534,29291237.5817447
3535,298509516.7472485
3536,15303193.624373319
3537,75990055.14219955
3538,18621833.72660365
3539,28729278.339125633
3540,18736623.86315271
3541,13437669.47275261
3542,34559619.31642788
3543,913920.8578337312
3544,68929075.25766246
3545,39544.8669890471
3546,799871.8768275438
3547,89479131.45033243
3548,343379958.67888165
3549,2810343.8288274207
3550,249329601.43645474
3551,172044434.79913238
3552,51991751.43761697
3553,15704727.643164292
3554,150712854.33402857
3555,136915737.07768294
3556,22811234.950793024
3557,5002496.876692028
3558,201484221.92847148
3559,52678103.856487535
3560,1797377.6761960334
3561,67074723.24648322
3562,3267826.443071067
3563,1106577.084125588
3564,559498.1655558052
3565,7303487.2293811515
3566,39300348.24485476
3567,5610953.436134791
3568,509938.1410046549
3569,93205250.23992312
3570,1029007.8155391215
3571,43355542.46665469
3572,168587971.68296716
3573,3105413.212034255
3574,17521752.385009002
3575,3104487.4236150654
3576,17315011.673176583
3577,13343507.682222772
3578,18867291.169808723
3579,23570991.3197436
3580,13069934.110110208
3581,19858947.071049303
3582,114192711.41073585
3583,58481.546423307336
3584,4928470.340543511
3585,13061288.201197198
3586,25707230.35399553
3587,10262263.107856017
3588,1478870.9717243449
3589,16927106.197589673
3590,6220168.063350195
3591,374772196.98308545
3592,646067.0786726854
3593,249067.69087274108
3594,816669.5119699033
3595,18874660.893361658
3596,27170335.185621463
3597,594998.1658338697
3598,54271283.3972344
3599,4566426.712159462
3600,2430206.7012501205
3601,564360.620369852
3602,1363155.5014529289
3603,6050728.659196644
3604,3393722.2979225446
3605,29207900.7638428
3606,629689.6577422222
3607,52820171.36476753
3608,123433355.19881332
3609,186927.03520304494
3610,26695807.69368309
3611,126934.02393065284
3612,620845.7856642286
3613,3148190.9754453776
3614,34979878.12729907
3615,33323056.99868733
3616,18259212.401562408
3617,11787036.90479983
3618,595944398.5776533
3619,50055.00828715123
3620,173172130.87909138
3621,153779009.06241807
3622,308010054.8839344
3623,65153411.83321772
3624,37978.63728869054
3625,902888.2122574179
3626,10900988.627734859
3627,38656068.50049621
3628,204351808.98636353
3629,2722912.0148182893
3630,128455.90761840688
3631,117301939.26032472
3632,7049352.797921267
3633,42773732.0959098
3634,1025585.9399645205
3635,1516727.251187359
3636,108680617.05447571
3637,1187056.6600963324
3638,15639347.821247233
3639,41296716.05235655
3640,283992354.2312358
3641,2560448.6475229664
3642,520461.87726264616
3643,920851.7679103097
3644,18879652.033155654
3645,14283254.863287361
3646,2295260.2290190705
3647,10955070.28349572
3648,2056778.6386514383
3649,4966428.892625848
3650,13709026.072031457
3651,375590007.27993387
3652,16407788.460023943
3653,354105135.63749754
3654,13207845.610466795
3655,6457692.83975093
3656,2464919.4994930364
3657,25768.934612246056
3658,1194761.863993996
3659,155829893.04738835
3660,304296084.5889201
3661,17268881.371045675
3662,16195639.882544748
3663,485318503.2799556
3664,147103.22848771495
3665,1210963.0522444448
3666,9471542.067978002
3667,147316858.8220523
3668,22686336.017923065
3669,5874382.463008005
3670,18221514.7124026
3671,16043846.373204863
3672,2247985.345601006
3673,144982331.34128574
3674,637931.4133568576
3675,343684092.77904415
3676,82370747.31191298
3677,97266.87518176915
3678,7987740.211254613
3679,36353642.33782365
3680,6034581.32800621
3681,5081065.530546071
3682,148528435.6072031
3683,1371052.3126010313
3684,113665347.34338596
3685,143336638.90110552
3686,11680958.26958855
3687,94758995.36650708
3688,979022.3569979463
3689,522125.1932095161
3690,69086499.46721292
3691,1474553.5636745777
3692,232147.93593549202
3693,75091109.4995166
3694,122065662.089446
3695,63977897.22338206
3696,10985411.67168809
3697,20385355.109500743
3698,37345318.25591014
3699,10167162.474358061
3700,14488558.599323783
3701,55055521.97603702
3702,33124.814078023854
3703,37149457.02663645
3704,20365926.649267476
3705,16692775.932760121
3706,68448175.48017043
3707,1594546.3977025105
3708,7406356.1697578775
3709,170058016.18273765
3710,11715132.321432808
3711,2331094.463774505
3712,30306766.369222987
3713,8293854.600744595
3714,741907.2013659163
3715,1821574.8687721358
3716,751548.9990950015
3717,126649.6455744554
3718,20022923.524757233
3719,26586187.49595964
3720,1340574.491330667
3721,115870.0972454003
3722,46437118.404407285
3723,1058166.6768404017
3724,7733829.083669544
3725,23781530.06180921
3726,20595646.63465381
3727,39309138.863308884
3728,163278602.0508345
3729,9759943.254167154
3730,50501078.87157638
3731,126144462.7027505
3732,151981.37840726
3733,157980669.63038954
3734,284207966.4134461
3735,18098564.978885338
3736,4654911.572509976
3737,645185.4218426768
3738,2952983.658024819
3739,5842464.26200602
3740,11925177.57633494
3741,8139979.943874435
3742,90874077.23857893
3743,14977067.679256681
3744,119269443.9468555
3745,30101172.982400857
3746,67824374.4898038
3747,59941.0910837056
3748,1021390.8324525777
3749,1807327.4679940315
3750,438785.60989604535
3751,3649885.4649843206
3752,859670.1830826929
3753,1574769.5799456376
3754,19053486.956080347
3755,39715959.57092241
3756,178186.47872527142
3757,353999017.7178524
3758,147794306.88296252
3759,695106.2834360788
3760,120228591.2981075
3761,34280573.10211731
3762,371903412.1783033
3763,20568156.214804124
3764,16197444.338802146
3765,865272.7385505331
3766,255346.6932533197
3767,46549694.88995094
3768,18052698.878404558
3769,1473247.709915603
3770,1891061.8386862564
3771,47052338.624605134
3772,4193080.9207695276
3773,17695377.244507473
3774,5221646.652772821
3775,138820111.32508603
3776,82651367.57173835
3777,1133174.7624082167
3778,201900.46831200772
3779,2535887.2100018174
3780,43791.49913298672
3781,9742607.170442713
3782,2457820.882360959
3783,33120644.156605024
3784,507890.8775659909
3785,457778771.03486466
3786,11007806.013671178
3787,189241391.0075177
3788,509529233.621174
3789,2415814.541280445
3790,794897.1187407543
3791,17809416.754479002
3792,239762.95594713386
3793,1081248.5380882754
3794,626457.2412740547
3795,171991032.77734068
3796,3504788.538811722
3797,5030626.781240226
3798,59035216.00195365
3799,3977243.461471851
3800,619905.1634037846
3801,90206625.01846988
3802,179376.37360669873
3803,21236087.92332941
3804,147080.2136178458
3805,55499.27733585886
3806,193117417.10535342
3807,1064636.071359077
3808,1199233.3795735824
3809,56244595.72337696
3810,1582283.8678669052
3811,5549527.774613049
3812,1617601.2326364198
3813,19693.734323738154
3814,482159.5246972842
3815,76232872.40752935
3816,71131054.05031827
3817,111839801.22478856
3818,13910114.736466654
3819,26628682.21954855
3820,123029971.50309512
3821,40689858.223643266
3822,16672482.315448897
3823,4497418.5779749
3824,942670.2150479094
3825,3363040.467881982
3826,135219148.93638954
3827,25251365.080329057
3828,5046700.133198764
3829,3584912845.131592
3830,61980948.30091389
3831,32481.09073448416
3832,246858318.0858552
3833,44572262.66914102
3834,3613675.694813567
3835,1418627.0886561635
3836,693857.7786850415
3837,36275079.553820774
3838,9640329.4042696
3839,1582003.716097155
3840,39292227.22654722
3841,1963889.81785319
3842,1880304.9644174827
3843,31190613.07169399
3844,708961.0834039456
3845,7304.800681742258
3846,171186.48150211305
3847,326675.66629349743
3848,67824.19946152467
3849,76949561.0537699
3850,4710520.990360079
3851,88750678.95816799
3852,1871207.2526233995
3853,120155199.01950195
3854,16951.666645276953
3855,393604.44821878395
3856,16646825.340029605
3857,374188288.7792288
3858,123242.689312231
3859,6415834.100963867
3860,32072555.486082043
3861,17925336.31238709
3862,4704896.690508631
3863,104809678.15084636
3864,34194121.982564464
3865,72101610.1220356
3866,442959.76237939
3867,27935935.652884286
3868,2607469.9694310236
3869,73524977.68757415
3870,146303601.85322684
3871,354369346.40012646
3872,9950072.483202426
3873,14496025.459752485
3874,1042429.2469919636
3875,41065631.42250946
3876,4061.430314102728
3877,43074696.60355202
3878,119579277.78482258
3879,189877830.0515469
3880,7697412.684406666
3881,29815.18343026479
3882,1664308.2591958113
3883,2502884.9678712497
3884,118173864.85564394
3885,16805672.451855026
3886,28297734.79770396
3887,9233558.916335763
3888,6411260.194533213
3889,4687678.673981946
3890,172291223.18870196
3891,5980761.460890638
3892,996976.0586603191
3893,508429282.0794349
3894,44734317.26467124
3895,14913954.22891914
3896,33625503.83538119
3897,12740604.30583086
3898,20095289.761822708
3899,350389801.3522727
3900,14980405.233430428
3901,1058077.5481700308
3902,455354.45958964876
3903,2480829.5393902976
3904,2874501.7566903043
3905,9188532.343777325
3906,100360155.25174282
3907,2731054.816487405
3908,8946148.097170537
3909,68039.47423445711
3910,8647210.945216777
3911,231878.72688055306
3912,10728947.571391692
3913,92740672.06615044
3914,16689712.010236045
3915,324641625.45492566
3916,102496.41898643655
3917,3487591.66396044
3918,7039033.380258422
3919,70982969.69751363
3920,35004703.44837009
3921,387613.50939019
3922,13798957.70788768
3923,31261394.42449963
3924,4905688.334801553
3925,272253017.7511073
3926,2483792.991237739
3927,34591002.776888445
3928,65287019.65675013
3929,57222379.435574405
3930,1542276.0546782666
3931,3336504.8682249906
3932,1270215.640355137
3933,29758558.57943161
3934,107420819.46694012
3935,1000.1863154394098
3936,683466.1934960653
3937,156689617.304633
3938,5315607.062838091
3939,28671586.544759106
3940,2193168.31712684
3941,6719670.1438808
3942,182722405.1514161
3943,1204253537.824898
3944,270475.0090023003
3945,6676188.802151132
3946,1007785.1041367139
3947,61679749.18383434
3948,7616892.9919867115
3949,2569841.1399865425
3950,274232.8522661346
3951,2125839.669115239
3952,47903126.78796765
3953,38827188.41043213
3954,536771757.37674075
3955,4002565.534982395
3956,12984087.947097905
3957,2281360.939798977
3958,1614235.7066340877
3959,3398158.975150943
3960,463660.81218398985
3961,14974703.30470363
3962,1841390.2011619017
3963,6835425.520069369
3964,843488894.0780737
3965,86374628.73060429
3966,14125815.814886713
3967,354028461.59875953
3968,29646166.9238046
3969,1190505.7160844307
3970,17133611.01305775
3971,17650909.553343985
3972,7774064.381359478
3973,39166168.806699395
3974,118622.67600736751
3975,139801493.526698
3976,20987250.738808878
3977,52891084.57882548
3978,191683947.16542432
3979,2713273.813708478
3980,711098.9063570747
3981,35663.184675772034
3982,2969544.158936838
3983,4190203.4824479185
3984,64485314.33830338
3985,1573373.9201794805
3986,815836245.2950158
3987,44039179.50749472
3988,3441822.833871463
3989,55262332.788234845
3990,34866265.399246156
3991,229124.48070782036
3992,716258.1292343972
3993,7532340.494681073
3994,53887886.00705461
3995,39305768.47921258
3996,29631375.17165922
3997,6229493.786099442
3998,103823628.89769314
3999,7370415.341739411
4000,46293714.60739207
4001,11427292.312693348
4002,137173868.82002988
4003,151797.3456948973
4004,51389371.45178808
4005,1166429.7505112456
4006,11004068.997032562
4007,412366.80316736235
4008,5453713.962442131
4009,10820416.333915439
4010,1931950.960449274
4011,12047647.233420404
4012,310370660.0802238
4013,58380214.59680955
4014,176803.62428912224
4015,72053574.68537636
4016,8917110.820214152
4017,3571321.9513638034
4018,41123389.665655956
4019,289036140.85368127
4020,790614.096093638
4021,48176192.093445696
4022,4870728.62363342
4023,199711498.03266203
4024,34765047.18812345
4025,94634.77333747475
4026,57218317.9043485
4027,33542560.550242238
4028,1693511.436440699
4029,492441.38655221555
4030,19628128.737459563
4031,52365566.77945452
4032,354019.5978668915
4033,384220.3821259887
4034,901563.0682483763
4035,73774135.2981946
4036,2129108.9742702576
4037,6732400.328614482
4038,4001790.2262266027
4039,4488880.673691405
4040,10495485.557640312
4041,802012.4652615099
4042,27960017.007901672
4043,4011000.6587358797
4044,145046653.57717156
4045,74378023.36703384
4046,3240021.9002670497
4047,282601550.7566049
4048,5772574.265364307
4049,13191.999687278987
4050,730415.3943918445
4051,524903067.1002703
4052,11343150.067710565
4053,2424394.655833741
4054,984301.5402044083
4055,8783506.176162547
4056,5515319.916884824
4057,1657.340001117048
4058,8580007.961178739
4059,1986199.597968222
4060,41149538.41971376
4061,130366089.20521349
4062,46897618.79033871
4063,16266890.76059482
4064,373004446.574935
4065,123912771.92625092
4066,896706.2320440251
4067,15863691.180594742
4068,8073985.625360066
4069,15125570.393576734
4070,3381678.1540122177
4071,19115009.228232983
4072,8721669.39003424
4073,240593448.91440862
4074,184788.0837300765
4075,6743460.76919693
4076,24254067.154891904
4077,209367552.2846712
4078,1244614.6041638572
4079,92633770.2732268
4080,7301539.076187769
4081,5568567.399487737
4082,234947454.7342083
4083,31054963.718385138
4084,164503.5422994879
4085,34709212.13336652
4086,102451442.9260237
4087,13838881.581146779
4088,37716213.77776812
4089,27155688.295262683
4090,898552.1499009221
4091,113632450.79830697
4092,41564123.54278803
4093,66862473.17120628
4094,1869715.7995676983
4095,174780349.25916404
4096,5264791.455000412
4097,75737821.56181602
4098,8774065.334179733
4099,5197875.07812449
4100,53032848.516525775
4101,25402085.531945754
4102,5138412.69529683
4103,38052918.33067524
4104,1709422.417980734
4105,552036.5083260663
4106,3089638.6976021593
4107,579722.3568349542
4108,20148459.596246637
4109,214984.70017254408
4110,37333581.29715326
4111,3347442.7452919646
4112,53388899.38440666
4113,776550.5145673954
4114,85535200.16635367
4115,8831045.463737583
4116,30416511.905145258
4117,5551887.0034818305
4118,14481926.416396102
4119,34639997.73488242
4120,412199.0545026593
4121,2895797.706349465
4122,53420584.40345023
4123,6827033.488692535
4124,17163928.833794784
4125,7204757.613945077
4126,2491076.97784542
4127,3937609.725482271
4128,11070463.053297536
4129,1208676.7074897455
4130,4886159.713825613
4131,96770594.96532053
4132,134276624.95513943
4133,18423710.86013347
4134,2510345.336609597
4135,11076416.876501678
4136,389308473.52816683
4137,4644754.848481229
4138,48968075.38674733
4139,5496818.59332396
4140,2331719.8537018104
4141,7911765.864261338
4142,29755378.719164327
4143,21053701.974381395
4144,1264874.015303484
4145,10523060.223383877
4146,1205469.319418286
4147,237425.9676876276
4148,2130427.5309061743
4149,6622606.165300247
4150,2451911.463706275
4151,1056201.7298329556
4152,41974466.310809016
4153,21934864.708562165
4154,1108225.072410491
4155,12753304.56983154
4156,1697948.7507729933
4157,48260.44919913807
4158,72374560.92497125
4159,53669303.98849363
4160,347151199.92764384
4161,2283313.190353165
4162,55038992.324701294
4163,177913578.3529347
4164,11508905.876983607
4165,9084782.108613966
4166,892819.6179000456
4167,32863726.093480807
4168,1806600.8687897841
4169,927541.0693610074
4170,2013165.7360595406
4171,46981806.12754887
4172,77315599.50267078
4173,16781807.595593188
4174,1622453.1965599172
4175,6199012.562765787
4176,6570013.031901339
4177,162933.546801156
4178,309501747.98116666
4179,655199.0453914496
4180,102912796.21095523
4181,30228868.36727607
4182,6273785.275864629
4183,51966628.65793219
4184,16251849.39715626
4185,4813914.978196247
4186,7564700.876887935
4187,8276545.02717872
4188,15017945.204923173
4189,611805.0728211752
4190,27521.782387003474
4191,893763.3357440216
4192,56494.08368427758
4193,177998196.87347528
4194,256949648.7924814
4195,4255999.33385435
4196,9997653.308774605
4197,10099801.857114375
4198,1295327.4916041458
4199,5420396.666691179
4200,127424030.79141022
4201,19084795.705265496
4202,32719286.5771474
4203,12121402.69587645
4204,57278799.63036902
4205,3073846.1133215185
4206,17075991.507856265
4207,468191672.8485848
4208,459152168.39567757
4209,24837975.512446053
4210,56078102.09509312
4211,34606419.01532098
4212,343562696.7372933
4213,1847004.351389231
4214,3223947.3291755
4215,1303719.9777454867
4216,53834.57633384612
4217,811968.3883802233
4218,43211079.35686227
4219,8575066.581498906
4220,16875194.67409724
4221,201431.4464637014
4222,127999.45400436154
4223,14542323.230904678
4224,940632.9317705425
4225,57153533.770865984
4226,22309951.615138534
4227,17318965.253171634
4228,39156.05119354194
4229,60371119.75883139
4230,9570411.835801689
4231,13342720.557592027
4232,3134139.0849118885
4233,87191386.21968336
4234,50473229.844519734
4235,1330813.4734088646
4236,2913466.438101343
4237,7069732.041859647
4238,36081294.106482536
4239,172274091.2561798
4240,209023736.37474185
4241,97300185.45433678
4242,2912778.6473826948
4243,849934.7434094001
4244,68158468.52056876
4245,6449986.496421709
4246,1027016.2257055149
4247,64914376.21722218
4248,3741977.19809914
4249,15504281.44235992
4250,12765042.853479736
4251,82179.06911621221
4252,110313529.34739497
4253,67754101.61906387
4254,36965147.75392764
4255,86840694.02353936
4256,242973937.74239898
4257,79170483.51637077
4258,29644409.77883568
4259,1116598.1507551484
4260,289914503.9053685
4261,169185.29712735667
4262,1186512.2513615026
4263,4838606.314329058
4264,424896679.9325051
4265,13981062.48019213
4266,7037268.788138626
4267,5503295.396450506
4268,7670278.0148833785
4269,6772643.895411175
4270,444801163.26063925
4271,66088588.43070641
4272,58420.672902041544
4273,44018936.668806516
4274,36698437.26517541
4275,980623.0024105073
4276,9926405.28961355
4277,50112002.1206877
4278,4636191.123238479
4279,33246896.66293612
4280,141076.07508856975
4281,3247888.882525178
4282,41053570.024219394
4283,77636.26885970467
4284,5427079.703558915
4285,64727.883853588966
4286,374466349.707496
4287,30100160.327219073
4288,79948306.24296081
4289,59725296.95084482
4290,40788502.54290031
4291,2922414.3860696154
4292,1344797.2630520654
4293,11268138.848506298
4294,51459567.49617292
4295,103347224.97369431
4296,17244993.831726402
4297,11306035.112531878
4298,1916041.696920994
4299,6156154.543356862
4300,44617917.617207974
4301,2364636.2364238203
4302,2153825.467132247
4303,2243111.0473008705
4304,6466715.041504631
4305,6213796.727133923
4306,12219016.475632573
4307,118292.77291366488
4308,269627.91057535453
4309,6785568.4608581
4310,1124348.5483487388
4311,614338.7638964804
4312,41944602.61881812
4313,93815467.20078312
4314,3130167.498965524
4315,143050878.84673887
4316,245484645.44645345
4317,2039883.3405410126
4318,28052115.74692911
4319,195513.2414865541
4320,822896.7110957205
4321,40170802.621440515
4322,5477576.19067695
4323,13048736.790297395
4324,3677733.525416169
4325,3791761.9886928163
4326,4984138.205284231
4327,67313791.72601372
4328,563782.9196416019
4329,60246.86339262199
4330,297531406.03289425
4331,84598390.7600894
4332,69846899.44260108
4333,2169924.8824020787
4334,70549649.37992315
4335,155346375.78240654
4336,19433204.82610796
4337,68779.01927290548
4338,111693782.03600374
4339,101081423.92118642
4340,2367041.9590145038
4341,10871592.58603314
4342,6492414.989578263
4343,36565506.25781973
4344,2001643.3030886082
4345,803314.6668067175
4346,21721451.8999966
4347,126887309.91582896
4348,299583.5996036429
4349,156366372.2561133
4350,6025574.172828187
4351,186668937.153555
4352,241883.59595425002
4353,125534950.61488508
4354,13214560.529333703
4355,11635663.933721127
4356,372865.7749867191
4357,49060398.39353776
4358,9155218.171226932
4359,7090972.216848735
4360,89784965.57525942
4361,78531158.77208354
4362,4330051.17950844
4363,64952032.946734585
4364,99861926.90439464
4365,451148.7694465145
4366,12623469.559070634
4367,37913009.381046034
4368,62001345.04282662
4369,26185607.68612935
4370,107645338.4971754
4371,35289134.43406817
4372,8979666.728914222
4373,9621470.550971298
4374,10503827.435813528
4375,1392216.3180330812
4376,81654.84523546409
4377,4039889.697311782
4378,10940069.911723493
4379,93553778.22091472
4380,73518490.69135487
4381,115627430.03939958
4382,198018175.9466882
4383,196367244.67274967
4384,33773181.29233833
4385,681707.2854577501
4386,29520293.63953358
4387,26247138.02160264
4388,23707258.486352343
4389,295661857.8761442
4390,7731911.595045361
4391,1746769.0178939214
4392,42967601.96094056
4393,49863202.545092925
4394,22308626.40693868
4395,5974162.993121755
4396,52588677.51390079
4397,30493206.43104912
4398,103569827.81914502
4399,52378.446022836586
4400,3586600.0908514005
4401,6576155.8378362255
4402,5080350.382500807
4403,17253408.61680924
4404,43861537.94729036
4405,9550346.49088629
4406,709224.0070041534
4407,675684.3937847618
4408,389871.93199234817
4409,157549.81332859793
4410,5843672.396324872
4411,822514.8136167104
4412,44825836.33665047
4413,71151938.54810852
4414,236287.63863503753
4415,5127730.17012906
4416,162345.1266831587
4417,179849973.49815807
4418,41661.27135439292
4419,34162131.06778882
4420,251445890.97209513
4421,5616202.67964481
4422,3798583.690287467
4423,2513088.8433643742
4424,3797.9232308243963
4425,22720472.34208928
4426,3359656.2744964412
4427,41592605.3083663
4428,4467739.68252425
4429,475972.7878397903
4430,135106.14343635598
4431,15870.431384446147
4432,139075947.80683443
4433,195356371.22570685
4434,310190971.8134403
4435,12164030.079922328
4436,5401323.461431234
4437,2507564.3875559634
4438,2169530.2155316193
4439,4946899.2908208985
4440,1530676.0449769201
4441,23667268.20991688
4442,598790.1872243078
4443,57147.88647587934
4444,405936.274960206
4445,11503179.264902836
4446,1934216.8977305882
4447,84528829.24238679
4448,558435.1188661315
4449,365485.17757754086
4450,43315061.83106159
4451,603352350.2239835
4452,38985545.69563892
4453,1703801.6472149524
4454,115194.76608496397
4455,5517922.437756135
4456,44162401.69450808
4457,6199096.273204959
4458,6006419.076355561
4459,45318582.66386512
4460,119485.58500710771
4461,66131106.79791089
4462,26156022.85511654
4463,3283726.5946076512
4464,44207686.16386275
4465,9685103.614098707
4466,690257.2618460886
4467,9164766.691918876
4468,1521446.1726000102
4469,13435170.720848002
4470,40089590.94374361
4471,642585.660027843
4472,128073142.26863587
4473,3372435.723267998
4474,3089376.7434366727
4475,4076048.4237608463
4476,13379.926720079651
4477,36165197.64503974
4478,95023.76330640576
4479,767360.5911492154
4480,61899015.350871824
4481,19788084.450013217
4482,4529669.851435813
4483,883651.8256048159
4484,216078.52023386376
4485,42208153.71614192
4486,15062852.289300034
4487,14743254.935366431
4488,29241199.579655655
4489,27722103.330188215
4490,71318.049870345
4491,121024039.32558464
4492,15788661.385371963
4493,1395800.2451195775
4494,37323120.89920936
4495,12459844.948090248
4496,43477778.157840535
4497,3506797.353894473
4498,46611677.23996852
4499,61696.82428608027
4500,182021460.39831164
4501,126437157.62664099
4502,19972789.449613113
4503,362764596.6636835
4504,3801987.2076945095
4505,268603.8945802015
4506,39867212.23994774
4507,161499.32268376066
4508,1625005.337137546
4509,4288311.594295046
4510,340507.7047458242
4511,129938674.22288218
4512,80815.64520022026
4513,36208720.4719153
4514,4056083.4231866077
4515,216835366.8209772
4516,2846613.2321792715
4517,4764429.67272319
4518,71452733.61481331
4519,36872518.04390189
4520,4457860.062825703
4521,20513252.051424485
4522,39031220.5124681
4523,9886669.566333415
4524,6949099.103347281
4525,1034595.0843732858
4526,3223670.8816786786
4527,11253089.254285902
4528,311492.378733535
4529,580641.046107771
4530,15738061.258523643
4531,5715555.988740503
4532,4663338.57867435
4533,34048616.096783936
4534,1571977.3968683104
4535,80837004.31848739
4536,9186835.077006118
4537,2626853.6979324175
4538,23041577.066776086
4539,557686.1877250589
4540,112151532.71339479
4541,3632493.1981675695
4542,11592758.722171828
4543,27332646.53194823
4544,6355781.69360536
4545,273359.13971498096
4546,421277.15361245966
4547,8759355.227943217
4548,193117.61482218473
4549,128362.83058787104
4550,3184339.8531502723
4551,1299211904.4551973
4552,103433779.46484232
4553,3442041.2535881214
4554,369612190.3708233
4555,185924.68466837698
4556,50553927.14898393
4557,22102101.07320284
4558,5129702.3375094235
4559,40975179.47317956
4560,39718423.21999911
4561,13288872.645245224
4562,457855.13646896137
4563,138615458.23506925
4564,101087.57204913943
4565,980241.5110263339
4566,16347899.532911398
4567,62082340.39553627
4568,1190989.8349201186
4569,7894202.707901318
4570,13100778.587380694
4571,490972.3984218566
4572,16245717.14428709
4573,18162914.6930803
4574,145363.0042257615
4575,273488.13858613465
4576,2551601.5016808505
4577,1381569.0916623895
4578,21567760.124116357
4579,1949620.1562659976
4580,30129100.941664536
4581,669642.5130983677
4582,35327079.92256882
4583,52789130.440330535
4584,319170.178296857
4585,120537332.4566115
4586,2804040.625541745
4587,974761.3244800766
4588,174767913.23336932
4589,926040.5595113226
4590,1561990109.3277895
4591,43055285.1899845
4592,1777879.0302027804
4593,17628.676478569705
4594,21788657.68684257
4595,535622010.40141535
4596,596000983.4373864
4597,11972743.79432058
4598,80030046.2394496
4599,18176448.245947637
4600,1014611.2047364361
4601,10318248.641632184
4602,6531910.382645276
4603,22955036.430044398
4604,31144610.878876172
4605,257187053.09313345
4606,140721022.75247833
4607,21184575.10524478
4608,3785844.1295393878
4609,29240860.64307568
4610,112893056.0665152
4611,13368457.824754579
4612,22291499.519627355
4613,39154380.72005439
4614,9144510.638621742
4615,2961751.7676820992
4616,240100.91764893726
4617,31737689.862296868
4618,419426.2789944229
4619,5356790.167663147
4620,7687523.711585002
4621,287081256.4161872
4622,5827706.198468007
4623,13136005.279567285
4624,292382.8341747152
4625,4915697.416977923
4626,4480334.210317962
4627,20462696.340528786
4628,3936780.395667341
4629,2018419.5492751498
4630,6833194.603976832
4631,11123299.71139494
4632,2997186.3092779145
4633,289998.76345750433
4634,276598.1336099616
4635,264072.88558177295
4636,96300934.32284556
4637,953388.6879282707
4638,5930634.726726334
4639,59270.73981224297
4640,65580519.27882195
4641,8686802.894558268
4642,57796233.185248464
4643,46232614.51550939
4644,2891465.9876679755
4645,142278.98933662716
4646,1309479323.5403566
4647,1022061.9831385034
4648,3884958.0742793097
4649,67916031.91506337
4650,121146521.2605276
4651,48899859.88068743
4652,423008716.87972957
4653,59301.20912572779
4654,41696130.20871134
4655,46076017.56588175
4656,5319300.589152087
4657,146594.3693428317
4658,9550660.71098892
4659,2090427.156324575
4660,3593941.1195505084
4661,8472049.694424931
4662,4046896.3426875495
4663,6923011.881868892
4664,2735798.2216691338
4665,24030429.182721276
4666,6813851.386480922
4667,84579266.5141308
4668,35873.137692793745
4669,943186.0421622538
4670,12408126.71595766
4671,4615413.63174329
4672,91962.13348164204
4673,9907425.563166326
4674,3382357.0250039687
4675,6535772.340927808
4676,76224.42595711742
4677,137062.80990567934
4678,6398991.342936212
4679,183190.19707093624
4680,1013238.1188094408
4681,16230706.986524656
4682,1699412.0141226482
4683,1102091.2587628998
4684,327664.8588398988
4685,14988171.141171928
4686,3978356.204950117
4687,11562741.015790867
4688,103907889.78810035
4689,5632727.299994879
4690,1731402.4165219315
4691,15750436.055773431
4692,15304036.181088906
4693,2411504.1386888903
4694,4460144.481943408
4695,16718187.110643277
4696,9307156.002524396
4697,154094177.03402448
4698,1029314.0694073981
4699,830507.1343658331
4700,55813783.23184641
4701,176358571.29401168
4702,11045841.942431226
4703,16898613.759604063
4704,79645745.28426205
4705,52104040.430537865
4706,17639108.085738547
4707,2561484.799713114
4708,26693229.322294578
4709,6611.549990927017
4710,240638791.03818482
4711,4979479.910099227
4712,3208684.364581977
4713,340449803.09580874
4714,191723.02335896358
4715,216239.3358165717
4716,990084.2121898981
4717,8615827.065334702
4718,1839841.1377484421
4719,55430929.35800253
4720,874847.7076421776
4721,2973758.216657922
4722,37522202.930663705
4723,915062.9908442006
4724,111815599.65306151
4725,6996928.821508204
4726,6914327.64648985
4727,11125367.44692815
4728,14378548.029899683
4729,63873837.169333324
4730,131663.598129849
4731,11630573.31626533
4732,99410096.18931681
4733,986641.1575644675
4734,217882036.94848594
4735,25128509.361755792
4736,3148241.0339362775
4737,48829483.4726376
4738,5243903.106630355
4739,141974114.48617744
4740,1139625354.8989387
4741,232989.96061296156
4742,123394793.40666811
4743,5868.808941383871
4744,487540.9208034183
4745,378785711.49261725
4746,52301684.588079005
4747,9679372.383231854
4748,86766455.61201783
4749,3852551.942463967
4750,1338347.0521869163
4751,15955965.573265774
4752,683180.676315437
4753,32844953.415859453
4754,763042358.8419257
4755,11447742.06716258
4756,28334037.70991008
4757,126868152.00202467
4758,83119351.90890428
4759,418166044.5448103
4760,156252.48597126108
4761,24794648.77584561
4762,769561.7777145868
4763,311193.04080245784
4764,658789126.0919659
4765,11510001.0604042
4766,166955334.70520708
4767,43875902.23324374
4768,60913682.25299851
4769,2663106.049382017
4770,108897306.25794509
4771,37872644.99025668
4772,8553121.760477152
4773,4106186.642461662
4774,2547881.4536269824
4775,257622.26629416677
4776,3537949.1531430874
4777,289014699.2086151
4778,38705142.78272768
4779,3856197.6401837063
4780,146571988.1782734
4781,116875.90567265612
4782,18488476.758145444
4783,8769646.999552898
4784,7217929.61199066
4785,34037724.8360073
4786,79029438.9653941
4787,79892268.46922018
4788,10513594.814017981
4789,1259599.8517595816
4790,78302539.4948678
4791,2126219.4128419673
4792,4011122.424589031
4793,11325496.515607541
4794,65440.588957682456
4795,805630.8820186114
4796,7324194.213495875
4797,1432300822.3852346
4798,97791853.92202628
4799,11184173.544500068
4800,15109676.50461189
4801,46522.07039007795
4802,35916115.68087403
4803,628522.5483550255
4804,2202241.6469238526
4805,117615.01804435602
4806,505162.7060427242
4807,357056.6060322575
4808,1327322.6219175959
4809,51328601.06668213
4810,569494.6274228111
4811,11797438.854032936
4812,128099952.5626308
4813,131095046.11175115
4814,831573.9925284685
4815,41237502.394483104
4816,11226649.970341925
4817,6809163.0536706755
4818,8652348.151161928
4819,9756853.414786585
4820,29311290.829514988
4821,808954.1896690787
4822,4236.068197214085
4823,2310612.78259348
4824,25911642.235748187
4825,49398846.41234463
4826,1214133.1240883758
4827,72007427.98423992
4828,17436722.563358285
4829,18389632.588190485
4830,7015949.572283983
4831,33502029.577117294
4832,193835.74865663095
4833,25723206.682403564
4834,924145.8511165202
4835,26868642.977694422
4836,7617879.872439608
4837,216201248.7555793
4838,28182317.794289984
4839,802.1134809180128
4840,295406096.83141005
4841,53077.936255698434
4842,29559617.437579233
4843,91023978.24887519
4844,553765.3181714164
4845,40877075.6206767
4846,1754243.9791171977
4847,275109033.69739795
4848,35071642.43802425
4849,345329404.68145293
4850,12526024.316042181
4851,38883.29937534627
4852,245663.6297953707
4853,51691457.17628789
4854,3050321.83478626
4855,71001047.25671284
4856,12682772.855216747
4857,35309834.339573435
4858,8267154.965412259
4859,1797111.4054608517
4860,162961102.185096
4861,101132716.15385231
4862,145361997.75766155
4863,142032420.24450234
4864,50069164.62472235
4865,39021646.070576735
4866,7076890.919207507
4867,67627950.74925181
4868,2523390.0871522087
4869,2327419.7857712614
4870,8695200.810349176
4871,23600791.68641519
4872,1158633.6946952543
4873,3114400.6675323807
4874,52600576.515909456
4875,10982971.884387026
4876,10258246.11209803
4877,60692076.1345024
4878,2010578.0953274737
4879,16912990.429174688
4880,7624009.081292043
4881,1167878.6455350397
4882,14133213.487167604
4883,53315354.777636416
4884,42602259.552723564
4885,3905090.2901068307
4886,11274180.069813587
4887,605695.7486489771
4888,2424049.7429857175
4889,2830666.3610420963
4890,71932499.05086868
4891,102999.04696733248
4892,268541.8549310019
4893,79852596.40193373
4894,9425671.475243565
4895,992112.6771093098
4896,13158865.932895215
4897,2033157.9613395263
4898,147386603.76900983
4899,85823453.079335
4900,175779264.6803437
4901,43255192.52537158
4902,549234.2851402514
4903,17660.698297538318
4904,289384816.40021294
4905,25283431.979863685
4906,194880.3160518263
4907,753847738.3657441
4908,8407358.191789139
4909,72242810.63385297
4910,50101206.02098836
4911,5630096.669993875
4912,21097780.361677706
4913,8498992.757259985
4914,52618639.15558029
4915,18572620.987606082
4916,18730440.103769302
4917,5663727.309327086
4918,307899833.2602524
4919,43101128.159464486
4920,42829369.304256655
4921,126314100.02213405
4922,8111298.726808752
4923,137008.76344448348
4924,74981089.31405203
4925,87570438.8292121
4926,104588.61501265956
4927,4842480.0108982865
4928,18465132.446946893
4929,1310423.3779333532
4930,3732635.5702717137
4931,16991585.615691137
4932,1844786.61731362
4933,47359819.68489625
4934,776445.3503994218
4935,672332002.7856644
4936,4625519.839348545
4937,525414.1945149407
4938,4855180.915591819
4939,41588.23994514539
4940,1117168.368553135
4941,25992357.211789194
4942,1934871.290742979
4943,32081680.073386446
4944,51187877.00449697
4945,550853.450735733
4946,6115423.735887731
4947,819195.8371908684
4948,2772530.3318690867
4949,5521586.374218797
4950,41536298.55292102
4951,21746873.2131148
4952,10715076.9388328
4953,38132643.98176911
4954,29951162.979094606
4955,1822628.8165818972
4956,395895.31512553385
4957,32536697.752355184
4958,16040466.104303865
4959,9135807.0611605
4960,4009452.7766976603
4961,74962256.75283624
4962,8573839.700337764
4963,6815791.911548816
4964,306469.9564650213
4965,441578.8323110389
4966,26225.797522828438
4967,57842768.38339737
4968,2477253.455940326
4969,108857.41212711376
4970,369390.24867528974
4971,76659965.95675701
4972,3844433.332424604
4973,2499945.2926849974
4974,114770969.7370845
4975,3536761.0063590584
4976,857677.7051207699
4977,67397886.96495764
4978,1816663.4876517532
4979,2055290.9717084337
4980,21986394.05326289
4981,1582297.9751273287
4982,90852820.47469111
4983,416.20908065633466
4984,60051672.69947552
4985,360314789.71597487
4986,1095999.446415961
4987,3933175.080152929
4988,717964.2311279173
4989,7159031.468133368
4990,180908.45196313562
4991,5870954.860901695
4992,110963632.49674578
4993,2950474.2810136536
4994,112230564.21990134
4995,157867.35487459766
4996,11800915.695849014
4997,29537640.977579955
4998,25599137.28816781
4999,53782476.05482649
5000,149696618.4724139
5001,551025581.979725
5002,202327412.35920435
5003,21833028.191206813
5004,7134234.210922692
5005,15965079.542012407
5006,358138503.22364324
5007,122782342.8015279
5008,314831638.6059331
5009,12420391.689897437
5010,941171.8037578586
5011,14693751.516356967
5012,26109255.02372946
5013,8848661.158330372
5014,89182646.94450031
5015,6740609.571107536
5016,153667630.2930154
5017,5525598.696278349
5018,8674955.491123235
5019,44137736.27665178
5020,1860491.6654566529
5021,31729.14892030384
5022,35626940.208412975
5023,968529.0286859843
5024,92401016.91244312
5025,237011.6180801161
5026,42770451.585346386
5027,9944136.974977741
5028,46669970.79811546
5029,62074757.60742804
5030,17675116.58428719
5031,4281190.0381801715
5032,75297190.72526044
5033,983072.5381895029
5034,972673.4350136789
5035,553314.9046856812
5036,13457761.78013106
5037,10963407.566021163
5038,327903042.3344429
5039,436275.04151697207
5040,37141315.80652623
5041,26677020.250716962
5042,10649715.33802434
5043,9719914.18905929
5044,314872075.9919437
5045,2019866.0089008063
5046,814258.544437831
5047,1205038.797158459
5048,701211.7927636226
5049,82113310.9994096
5050,840661.7131108042
5051,253993597.23983005
5052,128580152.74122484
5053,20210579.140336547
5054,27343188.04834983
5055,16124132.297792291
5056,2597704.625402413
5057,4576326.310866989
5058,3801615.325243142
5059,10238360.658132339
5060,93610013.4101144
5061,39727945.90476598
5062,628750.0553462222
5063,35082.68006463703
5064,29279413.88629218
5065,259017.04030868248
5066,15276989.153709477
5067,40918662.89349521
5068,12855844.35174669
5069,61025161.82182074
5070,3868486.019741741
5071,179634386.78251058
5072,69291510.57881856
5073,6123179.788167102
5074,1844595.154721205
5075,10367506.167330971
5076,41622347.16777278
5077,161030849.26193172
5078,4868405.585927957
5079,2695143.815479088
5080,73459932.65825282
5081,40474009.34022218
5082,18028243.819322858
5083,18177.0959527347
5084,21753219.06168541
5085,509970.9009634798
5086,9623880.259125393
5087,5419619.414393322
5088,1901570.8216276728
5089,991440.6289321154
5090,7798625.074085945
5091,4348114.688198217
5092,25236829.4630977
5093,18723371.155074216
5094,81937386.33180813
5095,71166397.89746976
5096,46001658.07232495
5097,219968.01636007312
5098,695935.2807553831
5099,2521548.292481077
5100,344241.61520373647
5101,288689.12774099223
5102,416972.71454184334
5103,239531.88822066438
5104,46968625.3066918
5105,2083563.10044963
5106,38030.8672690264
5107,539468.5318685984
5108,24796310.443092853
5109,236055.4489392046
5110,17824492.59660116
5111,74398872.51177691
5112,5092970.536504689
5113,433652.8598147123
5114,4916771.30040043
5115,1667572.7643020807
5116,1462310.6977196315
5117,247727202.26049685
5118,24083771.976882633
5119,223947.35355928386
5120,252375.52316133087
5121,46367086.100166425
5122,27620245.2935482
5123,15641537.811134445
5124,11063131.129702162
5125,13654634.540101226
5126,2756885.5607172963
5127,28549519.479526352
5128,90321.70515127022
5129,2135766.1614701836
5130,44819162.48739303
5131,6478831.045032094
5132,23270712.207319632
5133,233491426.3269667
5134,43783331.29422947
5135,156054431.4988929
5136,947955.8172184771
5137,132561344.04976937
5138,41546595.151506424
5139,96157620.8038689
5140,115251039.1113728
5141,42891176.983152084
5142,145686933.8531321
5143,73396303.01817814
5144,44220293.4875736
5145,4337133.351859636
5146,144596.81246438235
5147,8095090.607655633
5148,34462238.82578343
5149,514128.57875483343
5150,504117759.32598335
5151,387113367.20750403
5152,86831041.06636971
5153,890732.2472962283
5154,43079224.58737116
5155,1376916.5582668348
5156,596822687.8706981
5157,9020162.374058608
5158,1377532.3844987473
5159,114192565.22733957
5160,15461880.678993715
5161,7170941.93125793
5162,55074553.610696584
5163,96110733.5246366
5164,1653995.3898322373
5165,76604062.34361824
5166,43594009.88195321
5167,3301874.171930693
5168,3916988.1823272966
5169,20092775.78115329
5170,9761154.14580483
5171,86104672.6277415
5172,5900498.150781193
5173,123665599.04737006
5174,85714029.67294966
5175,1143958.404878257
5176,5688320.173186382
5177,151317740.08995003
5178,302041399.6332482
5179,488790.34574581764
5180,32740942.08569292
5181,124344.5760251314
5182,12938619.85439137
5183,481779.8640640428
5184,6493105.804445805
5185,1999316.6024387665
5186,2263599.708355548
5187,403816.74858487677
5188,4006748.366606287
5189,13419123.865643017
5190,442680269.70613325
5191,1824700.96709068
5192,85704179.85615388
5193,115185679.99716522
5194,50390896.09015407
5195,293919501.6308449
5196,54063620.613934256
5197,56545426.55256973
5198,39895164.18828143
5199,11095481.71474435
5200,5303646.587670187
5201,24053308.223409306
5202,496990.72599111806
5203,403839.69289225567
5204,171319.56921859522
5205,3811265.2404945916
5206,18354649.073979124
5207,1439792.8520989723
5208,6743363.693008312
5209,65977990.25119838
5210,28915233.865448706
5211,7100975.462918
5212,1067061.747409483
5213,64835423.9759651
5214,12639.235191527277
5215,15621793.494366718
5216,31085365.871689577
5217,1394169.1342184974
5218,7832337.37764871
5219,5325021.516345995
5220,30407939.72141467
5221,470939.28786240506
5222,3135354.49258081
5223,74172325.35080835
5224,27720.634245793724
5225,51758.7707974222
5226,42420712.58172908
5227,1066244.3412625184
5228,10693569.71756484
5229,80463495.74647297
5230,11314343.007128647
5231,2206227.222079468
5232,398910.24112037616
5233,417149.6897026804
5234,63349102.10028696
5235,14722640.122006582
5236,316748253.797629
5237,45831838.852885224
5238,5015961.968349307
5239,32474128.053790003
5240,33713610.9515642
5241,18914225.394547246
5242,20263303.930084743
5243,2920451.3289789218
5244,29585746.212527033
5245,509924.87541898864
5246,2559787.987184182
5247,98894408.99329278
5248,218388.9401358343
5249,16461458.335055871
5250,131619286.71249034
5251,12348752.91879176
5252,59756.09686393042
5253,1026721.7785775488
5254,84008.5910373625
5255,71939364.90503961
5256,41670535.194005884
5257,1671813.7692878863
5258,914837.6665685147
5259,92556796.41188549
5260,1517837.9497058536
5261,21790200.524202235
5262,6545490.150695687
5263,16465767.693436213
5264,3648844.455798054
5265,3244809.8560441304
5266,47410357.00241561
5267,1254511.7971229893
5268,6647635.096614843
5269,51271123.57434898
5270,41739289.54482628
5271,19750800.351152804
5272,70914263.16001566
5273,263382.71326316637
5274,27813049.312012684
5275,4479766.462167512
5276,5886669.360717715
5277,2298737.8541630995
5278,5599206.299147457
5279,8888443.716234393
5280,325064.1355351972
5281,1617325.549243079
5282,24360096.3660368
5283,361325.3895822947
5284,2147114.798356018
5285,54551540.354635835
5286,10353322.258893613
5287,1878218.9090235766
5288,784026.5643028603
5289,116515286.69640508
5290,120155868.93849175
5291,402751488.53145945
5292,241438630.25282586
5293,167342456.42340294
5294,150673.90313809164
5295,927299016.4684443
5296,20412827.975752227
5297,79730077.30369703
5298,124620340.7193735
5299,1827119.725599381
5300,1712262.954975406
5301,17201489.354454514
5302,121942501.80977711
5303,589311.0311918956
5304,2353896.9996314133
5305,1567997.6318893444
5306,65980517.2903729
5307,113935909.63798839
5308,206825.59973041335
5309,1091682.0871213106
5310,36058815.42245071
5311,738054.402706456
5312,120145172.74135534
5313,400946188.1270663
5314,40184980.603429615
5315,2356241.344237218
5316,19930276.823924724
5317,7621851.985928566
5318,5544197.679308188
5319,11192403.534022665
5320,9779388.512268052
5321,25084591.672853503
5322,329825.0315087903
5323,104293918.00917919
5324,7037286.159468977
5325,1591817.5736611735
5326,4392515.268469391
5327,92620042.89299472
5328,8640062.594878605
5329,4002151.990149814
5330,161860995.42862716
5331,14307229.323767653
5332,1930920.1049217624
5333,25903238.65045687
5334,18216356.9140208
5335,3982842.4909295416
5336,6972778.159666956
5337,1158463.198106883
5338,10323348.232171763
5339,5402391.210719632
5340,4363589.28898606
5341,128214694.85461846
5342,98014454.5200603
5343,38911204.92230343
5344,97256766.16732699
5345,485430.91841264424
5346,56143251.38732982
5347,130787.75846225453
5348,10047373.08137489
5349,40705.94812354048
5350,1812243.045800497
5351,225007783.28771257
5352,5472420.282112449
5353,51356613.154373884
5354,61415979.81472688
5355,139638886.36924103
5356,14992190.054495504
5357,1055487.5553581053
5358,12647877.588017242
5359,10620516.1153832
5360,72439917.02066377
5361,2813924.3951799823
5362,293230.90878603613
5363,22418642.152643092
5364,292968.9696519968
5365,58018617.06956367
5366,83019643.41168474
5367,97865000.3262742
5368,7346746.191623376
5369,97948088.74860264
5370,9380640.644144032
5371,33965754.821426444
5372,453098631.46248674
5373,2693396.642776741
5374,84087463.27317323
5375,145566255.95760605
5376,173321271.84334406
5377,11997338.897961576
5378,402467.7545681257
5379,14158502.100436287
5380,47117626.94765879
5381,170080014.45046696
5382,28525139.35860931
5383,47324.14987237478
5384,202642722.42121074
5385,55613190.956457816
5386,4729406.93783862
5387,1987937.9993945241
5388,136829959.08739078
5389,20721954.99395339
5390,2358887.8101699655
5391,21128740.6707788
5392,178105.35299994616
5393,1345602.7671777972
5394,15957070.738678046
5395,4924189.860505619
5396,211818380.86937943
5397,1098887.1865512384
5398,8708613.990728222
5399,41901.43315390711
5400,6118373.574684537
5401,71081263.27192797
5402,44062980.40812259
5403,17073816.273165148
5404,432210.43079449784
5405,81357141.17191789
5406,2905850.183306701
5407,159882832.10076925
5408,629739096.8744628
5409,134157543.99883702
5410,202420.66341148192
5411,57111462.55855213
5412,62556.895099627276
5413,237628.19817091143
5414,57193243.098071255
5415,79791377.1832727
5416,12212728.5477784
5417,118688686.70377718
5418,250950.4150335402
5419,320635.5159242963
5420,25915111.29803085
5421,18183438.501112834
5422,108433451.41485679
5423,179266101.1587682
5424,146115547.96682227
5425,2105611.044109181
5426,21586849.80368215
5427,915387.0967546174
5428,2023657.2777861792
5429,113337282.8389958
5430,225698915.83591005
5431,10012891.721436493
5432,123761159.35461397
5433,33875423.533139914
5434,30829003.016024724
5435,2077564.3054939162
5436,9829159.855503995
5437,67725716.07745111
5438,5720158.055951714
5439,317132.143130013
5440,91770147.1493627
5441,1694334.9891241994
5442,102898234.46931325
5443,85117644.36245337
5444,50657020.57065132
5445,66951420.78689589
5446,118906608.0844094
5447,14659176.35401507
5448,23980675.19048561
5449,84845873.8660599
5450,1499284.8385050877
5451,13884527.149595505
5452,319921.03792593995
5453,190937020.9724943
5454,40739539.404256485
5455,36500013.26792922
5456,8910535.452922715
5457,38020931.15132225
5458,2289524.62161107
5459,3097563.1082253777
5460,583329.9753071526
5461,138634.69479919362
5462,30260.238835102027
5463,1228157399.8188741
5464,37169.37658205327
5465,6432795.542234785
5466,24649089.694169845
5467,27372009.454074927
5468,63486915.25400774
5469,2344.844820684609
5470,247030231.75935623
5471,105164825.06100142
5472,70445382.746966
5473,3357970.02712977
5474,5241841.476927455
5475,2678471.3986607697
5476,4401967.387536924
5477,6548133.850240864
5478,33230095.34514949
5479,103929261.61456193
5480,3239683.4652796113
5481,786995.3670066793
5482,15994537.90974524
5483,4879375.1672245925
5484,98459872.36328407
5485,1215794.2288346558
5486,770935.3370988825
5487,505064403.85065186
5488,35363442.10747797
5489,15642003.022596927
5490,4015597.8484542337
5491,13948377.172181742
5492,26484297.079775557
5493,5051059.305396244
5494,167966.15150335614
5495,14975884.264603278
5496,23503790.18627652
5497,36850588.50458688
5498,927732.6620505754
5499,47343665.356886216
5500,16000604.809548581
5501,911036.66133345
5502,1409826.5318824786
5503,4388012.488935667
5504,37781468.54053226
5505,791814.5145328707
5506,278955338.92416036
5507,21771021.14715338
5508,78102999.08666205
5509,149121058.91235527
5510,6452918.978215882
5511,3950725.0456625093
5512,121897881.56361826
5513,482322.9191218203
5514,31058038.720432427
5515,1513265.4508710923
5516,401545.51812063274
5517,174647594.17499003
5518,8717885.625373686
5519,190706375.84919512
5520,31492.463954857343
5521,9251499.128486328
5522,19869.265781679387
5523,246355086.45945066
5524,392549803.5365564
5525,68189645.16232732
5526,7442859.989713912
5527,223287.44486881362
5528,69427977.45353541
5529,116470.13272772385
5530,206951243.76638985
5531,432634.8570683921
5532,2580057.7956223693
5533,41833433.58261415
5534,249135488.06003955
5535,2019576.834482195
5536,957418.1999727903
5537,7405110.415677074
5538,3948922.5143126626
5539,207635499.01712522
5540,26880701.977412112
5541,185241467.55858162
5542,173738.2298167133
5543,1773184.2031974269
5544,66352352.747628056
5545,50469.48968325598
5546,22718825.161954753
5547,4269436.693378705
5548,8985120.951891845
5549,21070639.710021418
5550,11674557.865862587
5551,5375617.97181144
5552,44270645.72194687
5553,31546011.473819353
5554,1224008.0324852786
5555,17763038.403065104
5556,19830278.55820377
5557,7163501.650689748
5558,561023977.1118155
5559,5203511.475757172
5560,187786.8312399634
5561,36004187.37967549
5562,80149613.64865553
5563,294175.85941738443
5564,3240484.448793729
5565,35728486.473198116
5566,16194446.836272199
5567,169764.92550776075
5568,21493810.359659232
5569,61296191.71681791
5570,42616147.051535614
5571,52914446.58930762
5572,637229.0517640109
5573,102642589.43531792
5574,6198888.037229016
5575,137084972.6110357
5576,35282056.750132054
5577,59545106.823565714
5578,11467845.659507742
5579,8344713.959492388
5580,1370152.9153223515
5581,11226691.537412925
5582,21197314.157966495
5583,66260675.74694
5584,10188693.459005317
5585,567013.3111949178
5586,45811.24695008665
5587,16101759.260594158
5588,147684126.84581712
5589,40141811.67827684
5590,484958.21050609055
5591,1962226.3889638262
5592,1868006.1718521323
5593,15476991.217304423
5594,2790999.674171155
5595,53628480.421963684
5596,276111678.67953193
5597,1746389.3250375926
5598,3306417.150107681
5599,4199336.667922693
5600,5919471.723186089
5601,21947500.95253899
5602,44245310.57329958
5603,421720.03939708957
5604,28373931.79083514
5605,155434326.7148955
5606,77682044.65094683
5607,31607132.187282067
5608,62760649.39443185
5609,11694642.752337575
5610,22430122.78559687
5611,58416452.28667564
5612,619718656.008575
5613,3758425.380879865
5614,9945505.085528499
5615,50371552.6877391
5616,6296723.417361028
5617,239822856.7466058
5618,27864809.022588555
5619,106019097.3198175
5620,2116281.424400763
5621,42898464.33582741
5622,2849738.8960874765
5623,680957.5865642481
5624,328574897.82143927
5625,899628.9086046877
5626,1188480.056012743
5627,89264381.80070634
5628,31885537.72203895
5629,201355652.9575018
5630,33452593.049190465
5631,26021384.133332647
5632,31631052.99765249
5633,17429076.211995114
5634,1064607.5840576764
5635,82689949.01835322
5636,1313066.2909508431
5637,7338916.8367826175
5638,20017844.377531167
5639,1384694.424700369
5640,1051838.6963144282
5641,43765339.56193256
5642,9659686.687264705
5643,254200.1304225688
5644,706775196.6946262
5645,174069422.70711395
5646,1408465.1132009048
5647,12941190.662691208
5648,62541405.284474306
5649,645779.1950170795
5650,76742770.7600541
5651,78325567.53281103
5652,552800.3204701194
5653,140919833.7815194
5654,68315480.67739223
5655,51745662.16911153
5656,669262354.0998421
5657,168249.04299212902
5658,6800141.1414358765
5659,38614884.5449298
5660,95324428.59855203
5661,1723916.97129372
5662,202285498.10623887
5663,2236077.5562816192
5664,1657442.7406108968
5665,24368021.877099294
5666,15648677.647627268
5667,12627750.937823176
5668,1373369.9039365062
5669,1243874.2052539284
5670,323521413.3043066
5671,30259972.04515162
5672,3796520.111299597
5673,87570134.74207552
5674,4135283.095955446
5675,496587.1051882984
5676,221142.8319850781
5677,90098929.3825934
5678,46007998.542606585
5679,491418.11154728464
5680,19571532.418714743
5681,893749267.2405977
5682,1059325.1274036022
5683,356091992.94792867
5684,21597620.03723301
5685,4140752.146675555
5686,2211289.8563940367
5687,29537475.964641806
5688,17553370.16837918
5689,21263912.474435452
5690,3613444.005411097
5691,65734337.899133585
5692,463266345.2871971
5693,18915875.95037037
5694,48745416.58492484
5695,3363324.1001120904
5696,31439922.562861986
5697,30877.165429491044
5698,47397210.57447999
5699,2022002.4274864863
5700,36579541.21442395
5701,5731969.909498031
5702,43711033.709311955
5703,123893626.12626515
5704,5631617.009662879
5705,13818724.572037578
5706,126550.33250068029
5707,58851445.827207506
5708,7669451.837411711
5709,44411227.5746522
5710,617068.8304152857
5711,59908251.33799215
5712,93750844.91400376
5713,3070465.3932613223
5714,2974902.4173088544
5715,3331015.6587016075
5716,58937.118111085496
5717,2661132.5610771594
5718,1131851.7582022334
5719,10286906.569245622
5720,3620709.6628110153
5721,44723282.24230441
5722,735196.7562457272
5723,34722360.16227517
5724,371148.6095007609
5725,678985.4688125341
5726,36601181.649285816
5727,101441631.24975155
5728,5434001.359572107
5729,175190093.72233897
5730,3824064.695934452
5731,8762.652562403573
5732,3182565.934577654
5733,3193525.0374621875
5734,15941074.84576765
5735,683399.5412844738
5736,70807985.44385166
5737,79498109.7586245
5738,79009888.56309886
5739,8576977.58407528
5740,13823520.326396845
5741,62084878.19459054
5742,35898923.70264294
5743,8535666.25602166
5744,51803.69256981382
5745,602611.2176633842
5746,25383274.84449589
5747,2225555.62914625
5748,127817959.40332876
5749,68364149.2338744
5750,20715117.87664085
5751,7025681.344914204
5752,2151643.6588839167
5753,79467644.48252226
5754,25815647.826699737
5755,101373690.20204097
5756,8082328.922170331
5757,6620565.946149367
5758,338895.1624174796
5759,15056358.367379231
5760,767070.7711239853
5761,142692.72708932075
5762,126958936.9164808
5763,84200051.31521559
5764,1790410.5212685931
5765,53523567.16058012
5766,70391921.79707547
5767,21508546.191558123
5768,23641702.865071002
5769,340473309.5055369
5770,2749553.55708021
5771,23491881.10800536
5772,14775020.170655701
5773,126590919.30330452
5774,42445688.13145012
5775,17414966.287020102
5776,1846036.6957126283
5777,112053168.04478319
5778,153932603.96905315
5779,247120673.46998802
5780,4741480.194790153
5781,49903361.50526925
5782,53368456.43517821
5783,33034763.735918727
5784,972958.2595991191
5785,97431166.19006377
5786,14326124.328273965
5787,138658671.7043743
5788,487412.63047323277
5789,8293493.682684724
5790,65536144.38298336
5791,123293017.37365916
5792,5039242.544971276
5793,8681343.994513778
5794,120090814.30804408
5795,122225731.4620112
5796,10330794.257118806
5797,93228537.1433563
5798,37166.890957844305
5799,179687495.8704976
5800,40711.05238796086
5801,15997763.814145995
5802,2548425.8582445104
5803,447902.65774729406
5804,382715289.7509502
5805,4637784.838139223
5806,2474424.0211068406
5807,25982900.219637007
5808,20679813.093906567
5809,3106297.3223012313
5810,35270.86171550821
5811,637694.5388172806
5812,76790487.66207878
5813,69547713.81487897
5814,1986094.9623315923
5815,4839428.96447033
5816,8998889.439552473
5817,433259.6902836908
5818,1812376.0939979502
5819,11936625.422881035
5820,3801288.16585035
5821,736659.2108587361
5822,232727.24606705288
5823,17692947.527804174
5824,33865727.78731129
5825,11307778.036478689
5826,17248974.904024515
5827,383663.01564383425
5828,164584708.51142296
5829,57455895.18949582
5830,9370736.673029944
5831,50164909.645826556
5832,55107214.8940351
5833,2097674.6745344102
5834,2353912.2125433963
5835,14994.38263863115
5836,74875565.32198377
5837,15649359.147694267
5838,300290.9535079126
5839,33745239.14100594
5840,16047.202694149255
5841,59439271.08588237
5842,26371049.99096549
5843,9202938.0323645
5844,999938.4696270138
5845,209915.9112433415
5846,905687.121430863
5847,46367647.70796959
5848,15252691.038634492
5849,705790.5195250296
5850,16227908.883490516
5851,4072642.585867496
5852,4549879.199438424
5853,14883978.487398544
5854,20917229.345390346
5855,118634895.3411073
5856,7029367.590400068
5857,560154716.3717146
5858,1198215.7212784942
5859,99474540.61569384
5860,130639369.115362
5861,843919.8219322118
5862,5098742.048911889
5863,62680158.60247266
5864,425114059.4482096
5865,13381245.175410716
5866,4277088.008453754
5867,1731295.8948632535
5868,52303545.380006865
5869,803464.1240658662
5870,64571.02031285939
5871,51128931.26052929
5872,414750797.9186801
5873,8424141.656744612
5874,4676663.711709703
5875,29095197.877521675
5876,87224393.40489319
5877,1107477.033198883
5878,66862280.634406194
5879,2163480.545650249
5880,61975644.806916334
5881,88868543.46807475
5882,290062406.3399785
5883,487781.3701265054
5884,11964696.614433007
5885,3061470.2265382884
5886,7060221.571559745
5887,13369073.856895158
5888,5704354.718078147
5889,3491112.152777339
5890,50885881.223217145
5891,81718593.9005725
5892,3989839.305683327
5893,360631.856292246
5894,75663193.87715493
5895,19327512.39456249
5896,32261442.28052737
5897,387315.4163137001
5898,66924533.95463708
5899,1969372.489543591
5900,14076090.675814107
5901,108924.39970720498
5902,21218614.50763641
5903,87363375.98139086
5904,64882581.46464996
5905,29799013.173438773
5906,61185375.26433035
5907,651926.7497623321
5908,71770680.21205176
5909,8857213.507884692
5910,4115930.1129733473
5911,6159481.372682282
5912,389931223.1197597
5913,49816700.554914445
5914,10618948.777128618
5915,207796.74325065388
5916,26316255.16864287
5917,210454776.08039367
5918,72366517.27564484
5919,71476940.57286
5920,5243905.635073402
5921,23762861.135900617
5922,1292960.8449423607
5923,2630743.0072078835
5924,8906081.418758929
5925,280035970.62453735
5926,229674.07629014377
5927,481721.6216474989
5928,48032914.35367991
5929,355455.51814963715
5930,95960065.57656315
5931,44638429.54715238
5932,637996.0772536113
5933,4258355.881151687
5934,35612797.15139688
5935,102154878.43651497
5936,83907518.07634297
5937,2636762.4069550303
5938,1222361.4194521138
5939,13480029.849084718
5940,140625404.32816932
5941,3304940.061348427
5942,104237147.9020395
5943,2412809.576206839
5944,22173163.361048166
5945,12071786.773485694
5946,158415.01232622942
5947,20166.21439063058
5948,243892513.74560013
5949,925855.8005422179
5950,243238621.56634808
5951,32770848.53953063
5952,3284013.757665044
5953,92720863.0508079
5954,11551505.511498818
5955,29572203.086292826
5956,96853455.22225896
5957,15863124.546732001
5958,50908423.32917127
5959,809403.9089207853
5960,10791432.521138497
5961,803915.8492117617
5962,1956912.4576063727
5963,14645283.314710744
5964,82175234.72022845
5965,76120566.38259019
5966,40497519.44362145
5967,245143330.37197238
5968,39636828.82538394
5969,63803330.3776503
5970,17430613.36198265
5971,3870970.4210882247
5972,11085365.067906061
5973,73089987.92953254
5974,736971.3301007916
5975,5410347.9595137965
5976,716534.289250857
5977,334947.57850453013
5978,1066229045.549933
5979,4923326.463935047
5980,153722369.0279846
5981,443588.35798235144
5982,111067259.52570292
5983,642044.3498276898
5984,29115405.022174735
5985,67186188.77107105
5986,251663.63721637276
5987,523806.69288503437
5988,31480569.94465058
5989,1738035.879239197
5990,48175490.47859384
5991,1394498.494144773
5992,42074562.27368545
5993,41578241.85229694
5994,795919.4695335921
5995,31521214.009121135
5996,16755765.785784949
5997,12868593.705661567
5998,89951967.01381384
5999,41346.73743133068
6000,1456843.7357370774
6001,3335842.30933613
6002,6362461.868879846
6003,209439926.932924
6004,41052461.775620535
6005,2533948.744334214
6006,19278048.9460258
6007,6856100.223698913
6008,7871930.487867405
6009,86056037.70577988
6010,89407386.79711609
6011,15943816.342604866
6012,5754390.562184195
6013,150585633.29654756
6014,552479.8589223203
6015,21378979.583117925
6016,11464302.346738594
6017,227748.98159424702
6018,21601231.023933962
6019,471193.93832661386
6020,1503438.3055288433
6021,2444306.1702608
6022,6700917.533862696
6023,1752115.921343893
6024,240914.83083731716
6025,5320151.251471172
6026,180656652.44405213
6027,4115794.333949037
6028,72263796.29373802
6029,1762624.926546833
6030,204120368.7888958
6031,60048023.54337291
6032,42068.52191186799
6033,29364426.929600034
6034,5185608.389558659
6035,359005882.25835395
6036,1069055.2778099726
6037,493382.14217913407
6038,31827.624245178755
6039,481548.88023581455
6040,43216983.83030318
6041,178555127.3870143
6042,30498.73720487969
6043,61339266.337933734
6044,1363158.9548904498
6045,32160892.716900308
6046,468297.48586843227
6047,470864.75735930994
6048,6167951.843283396
6049,5129717.110007549
6050,369942.6372880229
6051,1817822.7756981172
6052,30031998.150615223
6053,200091.41313234117
6054,3985151.8145711413
6055,10658438.603741147
6056,43620513.006017126
6057,1228204.5463462104
6058,17405136.380957924
6059,65361500.28023156
6060,35936899.238782726
6061,65011472.08769746
6062,2215353.7978944513
6063,41323121.69641268
6064,739535.1375013529
6065,49662108.29098603
6066,29218777.77685639
6067,51648521.50975064
6068,26445.500415570066
6069,110484754.27402297
6070,90356857.54680568
6071,4298272.900157655
6072,14492486.65251669
6073,18073141.480690584
6074,89496.68439253353
6075,90259.36224685363
6076,144265039.7082529
6077,4099091.3564865547
6078,103625106.62039052
6079,339472739.0286829
6080,1319835.4414528275
6081,2104620.62815204
6082,3504120.956700009
6083,116679470.05795154
6084,20774769.668203425
6085,51480883.112972245
6086,4510535.328989191
6087,49643668.07157207
6088,2295331.2273801677
6089,6135180.606863286
6090,235742827.0011134
6091,61198.771353533295
6092,6745762.05734675
6093,10065721.882035838
6094,51052891.69499179
6095,31700272.655641522
6096,3109496.2619126136
6097,19560618.826060653
6098,33451849.374341227
6099,36338991.50633759
6100,9684962.65004479
6101,162483680.174099
6102,47759989.17288421
6103,20958452.069120303
6104,238280.32184672356
6105,3235221.089712453
6106,255098.5024688181
6107,57641.560669399165
6108,19079983.132713385
6109,1244549.8369952817
6110,99681843.65202244
6111,26520.029603696195
6112,55552.0238127691
6113,3897131.228132346
6114,71218727.749218
6115,126737513.99201143
6116,177342.04288510588
6117,19813016.176800583
6118,27725401.82502253
6119,77235772.70844245
6120,58106561.26623082
6121,391391.12776505173
6122,97802120.71624412
6123,394159.7778372149
6124,1637516.7113988057
6125,4239594.922904671
6126,5220205.443805635
6127,5817779.534497496
6128,87139963.29325843
6129,4359914.95832564
6130,44354.11230864972
6131,10631517.917592311
6132,38262.7684093904
6133,5162728.200061979
6134,10079123.524701096
6135,39704932.987096615
6136,738599327.0375365
6137,87852405.99722843
6138,3025130.966480216
6139,1044844099.912424
6140,832755.2243061281
6141,20176615.021342102
6142,428229.77156603686
6143,3038945.221461076
6144,4763097.6401332775
6145,11430864.894760024
6146,5420558.223946328
6147,35275968.193572134
6148,3650014.152879096
6149,36420668.041887395
6150,122727046.7512159
6151,13396830.358885614
6152,2147907796.499925
6153,1184310.146934726
6154,275011.04517452134
6155,158196176.29265887
6156,1047736.3927848004
6157,6463097.404570493
6158,75329093.56770301
6159,16129961.7039794
6160,15541349.802150402
6161,21141427.44437432
6162,14480206.115477176
6163,2440045.059698767
6164,1131738.7176735948
6165,9059615.397877911
6166,31456222.127959654
6167,11441668.755895833
6168,12167073.587605156
6169,72927981.4037248
6170,9910966.455034249
6171,15771999.509814668
6172,929073.6537418499
6173,11378880.7606004
6174,41998768.77241344
6175,1948365.952381411
6176,19790792.281200007
6177,18690017.44141643
6178,1078205.3070695521
6179,265461532.9260682
6180,40182483.2183536
6181,8910088.883264994
6182,322273096.9198072
6183,2767031.882047034
6184,154893722.40224212
6185,8353331.170491832
6186,2738409.68133146
6187,4886961.039221984
6188,24986281.90002433
6189,5421708.96368851
6190,88336222.06854716
6191,378267.3673979771
6192,24784138.333579127
6193,9535878.74242135
6194,285469.6394232184
6195,892155.5275556324
6196,32064712.54126906
6197,2383533.4698524913
6198,127530034.48536244
6199,995035682.8825868
6200,73314.99842111714
6201,3010321.687064324
6202,190456811.62211573
6203,705365843.7812074
6204,848016.5580420971
6205,2226304.6668025358
6206,59653856.3926725
6207,63258384.62620683
6208,19193928.82363636
6209,42698.02343821333
6210,16755.477807428055
6211,50068309.128093235
6212,2125442.082475522
6213,16317249.873024909
6214,1466712.0910864372
6215,5458497.190053458
6216,30167379.74415111
6217,197143.2152132514
6218,6565384.2831576
6219,90984722.03385927
6220,5590.261078013643
6221,9914054.13783116
6222,993610.8737543952
6223,18398540.209139507
6224,17159568.830136333
6225,39596792.50103401
6226,3967369.271970233
6227,12473775.630141191
6228,496076.8437845678
6229,2334532.2706953385
6230,115230.64051825833
6231,74607771.81108218
6232,2194449.814121301
6233,161017585.99541637
6234,8839382.522402517
6235,25161528.53808089
6236,13420626.397485767
6237,4997244.350638838
6238,446437.4391833409
6239,162230299.92174608
6240,81103575.95581695
6241,659379.3769956388
6242,1312343.8781075783
6243,4276525.14496933
6244,40277014.28797145
6245,9411322.557253273
6246,3664953.2668305393
6247,200457842.88843143
6248,755488.6295830392
6249,3684460.674170864
6250,9730404.039000932
6251,89147635.66131054
6252,1345100.3086069454
6253,3086802.327822907
6254,361578429.0145476
6255,1308126.4979221441
6256,4252278.260831027
6257,109131842.95489785
6258,409309.43825060065
6259,155323.88688069396
6260,450308.595808277
6261,45001457.38208648
6262,5640011.187200002
6263,43100793.47929855
6264,2768186.793198508
6265,1445958.1999073504
6266,2344034.478069008
6267,103236851.44190499
6268,124526.04470331431
6269,223460814.88493904
6270,82203686.25190546
6271,315077488.2555533
6272,320106.128600358
6273,15835331.270531755
6274,262855042.46958426
6275,14506015.182237227
6276,412414.4606613633
6277,24895088.751895912
6278,768237.3399381635
6279,18851017.90963186
6280,11284265.542648343
6281,2195463.0127249165
6282,329086408.3659772
6283,24407398.06524607
6284,97252730.05170058
6285,59396614.89910705
6286,1288585.3614854172
6287,2388706.4885352254
6288,193798724.68238875
6289,290277947.39961267
6290,10557.643554725204
6291,39529252.55695364
6292,171920285.43414697
6293,179967085.40354183
6294,2715244.7408036385
6295,148558106.27741906
6296,2672052.1892326376
6297,61654970.416485935
6298,1511296.3773999836
6299,73926.15233936638
6300,22549470.473789755
6301,17753833.507270306
6302,2226225.685685467
6303,634147.0130688029
6304,6899011.4406834645
6305,118299492.84655523
6306,31905593.7506042
6307,822591.2318103415
6308,30057.350372429155
6309,50448.936502420904
6310,52568114.56211034
6311,125341.16124587672
6312,151908.0324064097
6313,8886920.895770578
6314,54928279.64945532
6315,1388784.251746596
6316,55831675.391769335
6317,122806302.1492575
6318,44747494.07885258
6319,59510029.39465941
6320,80594.25952809038
6321,18221808.46143033
6322,86564538.30759013
6323,8392236.340628259
6324,290289.65908817307
6325,44048506.88451556
6326,3299706.0453638937
6327,15090590.573262772
6328,21254354.882106677
6329,1089332.7549469874
6330,17476.435998687415
6331,97304745.57246943
6332,968938.8628940415
6333,7586250.809580822
6334,471951.6748156232
6335,14294984.871833412
6336,70970562.9082121
6337,71754282.20459974
6338,522920.80078980926
6339,3050559.5638539777
6340,1429028.9477534385
6341,196348.12080724476
6342,3339979.1628896873
6343,16075509.789604671
6344,41178018.138701364
6345,2400101.1391625055
6346,205506026.05129915
6347,55041785.90620868
6348,29022093.137646593
6349,18398714.061092272
6350,439189.5403603942
6351,90866426.53187218
6352,59519257.206134506
6353,847921.774088346
6354,830679.6868212664
6355,17232.533297564732
6356,584900.925869615
6357,1655451.9857465525
6358,2274518.4823172498
6359,3404837.3943823776
6360,4865846.671571466
6361,148521678.83350277
6362,497091.4051357792
6363,4404744.175059013
6364,716762.3697775143
6365,162697339.1393367
6366,16602726.656987002
6367,11436838.203587633
6368,39947133.9481941
6369,1149595.4124368224
6370,237436377.67601693
6371,6342002.613221853
6372,15148814.427546473
6373,833813.2123076463
6374,13742670.114584273
6375,23475537.399860017
6376,1865508.073191962
6377,2720380.616828615
6378,529757.0936713375
6379,58922267.472513355
6380,1766483.2940361586
6381,3584912845.131592
6382,60862052.488659844
6383,44127765.57122349
6384,40300488.49245961
6385,3001892.2696007886
6386,440805525.28351754
6387,5744536.700174814
6388,1997601.3678434582
6389,266827.0560004064
6390,29805164.88565317
6391,1216179.658191001
6392,14675983.957162727
6393,274964570.0225218
6394,226354812.18446022
6395,70158.28344735583
6396,763708.7981285015
6397,2073511.7005338292
6398,6575223.342544786
6399,1035871.119850302
6400,5327077.206859147
6401,218184.64636871475
6402,8289834.414532702
6403,456810.4535673863
6404,9158794.59098643
6405,242333.20685339946
6406,7578751.916702674
6407,10699303.537421038
6408,8619102.871538952
6409,63205718.688312806
6410,12236154.955698624
6411,1604187.944344778
6412,559237.2571524539
6413,18601490.02694368
6414,661181344.9113147
6415,744169.789919751
6416,974295.2831282628
6417,88896588.42192598
6418,28811815.857257813
6419,5445144.068423079
6420,42983955.076248914
6421,39619340.940943815
6422,101595.73444902788
6423,249887.01035838109
6424,66107549.32521106
6425,8405712.32487458
6426,4947681.758719035
6427,172779.17455027445
6428,1169334.9788239559
6429,22541624.947815094
6430,32142879.448030427
6431,85132806.50502229
6432,61858428.41668118
6433,22648642.08736102
6434,592030.2204329727
6435,23826103.16095106
6436,27463542.465309966
6437,4626296.364583694
6438,4275628.244243538
6439,8513726.634909378
6440,62938206.53532654
6441,5900296.471530637
6442,2662560.7290870217
6443,12496319.779620916
6444,148730.39898600278
6445,413403529.64715266
6446,297632109.1578541
6447,14938902.887400372
6448,758573.7959834454
6449,18928492.76620589
6450,3697306.3504308597
6451,5004260.825040674
6452,21108511.169755347
6453,65915226.537551425
6454,15625918.876472209
6455,13263983.34072364
6456,12736044.921542041
6457,93736830.4106337
6458,660497.7366571082
6459,301491.2321762884
6460,79829531.70902917
6461,54276927.27346869
6462,127112434.08241531
6463,394653.80224521743
6464,2685738.6512738024
6465,858735.2882013498
6466,13362043.58590678
6467,3558646.88599052
6468,393588.945963656
6469,7706255.353622629
6470,231806.21317080053
6471,585238.2208820488
6472,3930125.541500478
6473,5085768.264745353
6474,9179870.743039824
6475,266880.9405016833
6476,96437985.56956181
6477,38302526.2813469
6478,1925136.8267987813
6479,232219872.51022792
6480,47293024.24648674
6481,68068356.09972638
6482,311996.53418483736
6483,1480998.6664908642
6484,114652419.78441717
6485,44287674.703383304
6486,74039.26128159936
6487,41906129.38517656
6488,25046158.672110364
6489,61326.67081874279
6490,79733.67433007267
6491,7065205.067857631
6492,6958129.880091833
6493,4687194.0700772125
6494,26469071.303388577
6495,7358047.019574511
6496,238127369.31437144
6497,39329951.14808003
6498,53383322.73993917
6499,22254480.568402767
6500,83744.22736280532
6501,242454.59749498393
6502,59493650.458116546
6503,4802653.815590501
6504,9230884.359641012
6505,10765988.835580703
6506,3325253.3983909315
6507,1132500.2690081224
6508,83385788.91523458
6509,280139.2853252967
6510,2813491.1361306766
6511,6995574.317462003
6512,1829718.7047228576
6513,3761442.514321432
6514,1758613.304206905
6515,40737107.557292916
6516,80321813.6411252
6517,697507.917738708
6518,6327989.146139412
6519,18002346.21825458
6520,1409954.7713599317
6521,123055632.09818314
6522,57254947.5079158
6523,11975122.444319595
6524,10100871.959258724
6525,75968446.1271534
6526,407062905.40799075
6527,216533.9834054658
6528,3832181.792465016
6529,1560660.4444524965
6530,40675557.48086212
6531,2745894.137015525
6532,22784913.87777508
6533,905409.4025851927
6534,349298962.61644083
6535,1353432.1815430932
6536,41631996.04722335
6537,58087371.82101553
6538,13700069.016921742
6539,130806493.78679164
6540,107472116.39243962
6541,64236825.956691265
6542,23314932.20815012
6543,94135.35122337673
6544,4513465.883001909
6545,6168630.366370363
6546,572284174.1630614
6547,980525.9813960823
6548,45219463.57415161
6549,101046878.44041726
6550,10306615.54520089
6551,43789043.38173509
6552,2406035.701642367
6553,25057.33038346083
6554,40326744.53765548
6555,13920090.48395529
6556,15248368.813625075
6557,1033834.247921684
6558,89818923.66713287
6559,57820013.49676194
6560,291145277.17036086
6561,694374.5987529936
6562,66750327.05849589
6563,12277454.735864723
6564,5346233.791037403
6565,14963145.259172464
6566,51921598.09733885
6567,7763931.598965319
6568,37477841.97366719
6569,1288890.6919508304
6570,44742781.3021164
6571,2906504.626169826
6572,47849.98968036247
6573,11486701.195752041
6574,24312365.819116347
6575,62077.040486048616
6576,8169750.705333629
6577,553965.513972439
6578,46823660.49103219
6579,5380168.0903277155
6580,286843.32905402867
6581,32627247.266419798
6582,141919.75979898486
6583,268907.52380019595
6584,1008859.5840573477
6585,68548426.84474848
6586,48853791.52954921
6587,9632245.70436492
6588,879518.0307862449
6589,35791240.74145616
6590,112731568.38803174
6591,6183991.830199273
6592,98118852.41022457
6593,37786697.07624556
6594,18528973.261997413
6595,63875.84952403201
6596,128945237.07024021
6597,354492.071440241
6598,4635961.572722466
6599,19540227.584220883
6600,1099624.0837579232
6601,910270.9334113264
6602,1742126353.5966568
6603,21076538.051529694
6604,16901260.926785525
6605,58856875.4930632
6606,1178794.815562333
6607,86300547.612252
6608,453689.7628500895
6609,2293167.4220337025
6610,11357744.513477044
6611,4090741.6885490688
6612,1624391058.2427804
6613,50483676.14868834
6614,253343425.57564673
6615,739788.6804697976
6616,37540232.68860988
6617,18072230.09114681
6618,25725270.859064966
6619,11419202.62251352
6620,13222984.532308294
6621,11695110.655544931
6622,127308698.92611948
6623,224798758.51463908
6624,121440268.61418779
6625,71403752.25206722
6626,8991945.24995853
6627,43104943.35520437
6628,124106.18284190055
6629,1648618.7456865013
6630,302259.81387366884
6631,1084376.3050572923
6632,66946.87490483742
6633,4937081.956002533
6634,4274565.772229951
6635,263634.97330794705
6636,198325363.86160457
6637,40658858.19127313
6638,23015.29155885681
6639,3304623.082722139
6640,1854881.4171310028
6641,146293190.69793427
6642,215832804.45013243
6643,1148179.454558632
6644,735114.5600639395
6645,32903189.781115644
6646,25295077.855958793
6647,641610.7976629116
6648,35179772.54886524
6649,633395.1058291012
6650,2316718.834649248
6651,20389557.673805594
6652,1214808.0153180633
6653,55111004.621509835
6654,46769103.58717154
6655,13996907.782904893
6656,8225525.037619008
6657,112616717.21173415
6658,1335455.305076805
6659,7772086.523692834
6660,140995.11488864754
6661,63269.458481386595
6662,3694028.8798895804
6663,554897776.7451999
6664,1087753.9358401855
6665,114536.86194983471
6666,58519449.181384616
6667,258018572.4332547
6668,16085733.006414661
6669,38062462.87349289
6670,700597.6035299024
6671,24543780.684690062
6672,4923702.139075482
6673,121131242.7353473
6674,305661740.1764392
6675,80263506.41372342
6676,1802509.5000871299
6677,238144.87523903622
6678,3363127.3379176785
6679,581250637.1760457
6680,4565504.892263666
6681,610411045.7766899
6682,21476450.26674001
6683,6107289.175142811
6684,119871.72801078213
6685,1607257.8767163677
6686,5836441.920634563
6687,79151034.31004831
6688,16377806.037853353
6689,20738780.140450194
6690,442325627.0580759
6691,392887.58016508224
6692,383070347.0916229
6693,43071718.61665977
6694,60642314.540170565
6695,1927139.9318446491
6696,183472384.18152443
6697,2427258.71108861
6698,8937226.411822358
6699,187573009.2936008
6700,111520862.15996075
6701,28887702.51780587
6702,5606680.7681605695
6703,2930312.5501127564
6704,2159256.103851868
6705,25054401.11437656
6706,22732723.94833854
6707,50287133.46181218
6708,4886206.384190597
6709,2797708.3383000493
6710,58831663.705389135
6711,25884927.25358744
6712,134068409.7966926
6713,760504.0824160832
6714,475168.6178260278
6715,1417689.4038966894
6716,42954920.73168975
6717,348541403.5005036
6718,12869415.659542447
6719,9424260.581562035
6720,571438.308353605
6721,104244093.66943675
6722,3162104.616135888
6723,79418866.19946353
6724,4640179.712183149
6725,4025019.252434501
6726,45888041.23105215
6727,1956945.5630684798
6728,1083196.3750672725
6729,6437665.137548236
6730,21293803.054345038
6731,439628.5574290896
6732,3646285.820004021
6733,18790460.857614852
6734,30650889.88533089
6735,56664833.65007857
6736,188355.1514763726
6737,830189.0556872955
6738,3290966.638283149
6739,1936609.4380377696
6740,186563.3735597233
6741,1384597.8592358783
6742,27408952.395384394
6743,102904749.91835713
6744,7942474.170635869
6745,1196243.7243288124
6746,47375376.66151951
6747,17827642.384013012
6748,76119.74376265758
6749,84629.25013619117
6750,2058625.5885840568
6751,1217598.301595689
6752,46044417.68835476
6753,16278125.088178258
6754,70247222.96801588
6755,673402.4240478092
6756,221028363.83500105
6757,30067675.55839994
6758,5346003.071968488
6759,85863542.25981306
6760,35406431.789880626
6761,19927884.230800547
6762,342682.6743207292
6763,17580170.46538934
6764,2397556.1259600637
6765,142302602.00239748
6766,48561.38934363657
6767,14330331.495125132
6768,97700758.05893585
6769,12882578.141752534
6770,9473147.292047337
6771,7249352.471545153
6772,3244942.0907857935
6773,2240953.7926184377
6774,346989907.8277034
6775,561216901.3207685
6776,2599895.560778082
6777,8300737.8987871595
6778,50500991.10079262
6779,5925958.217665417
6780,76008856.25277385
6781,659220.5979319885
6782,109930804.15356515
6783,39633202.3348287
6784,473820.24128978717
6785,29790918.802098535
6786,766786.1878293246
6787,4297406.622546394
6788,636883.79751427
6789,636220.0521418747
6790,3115990.526698408
6791,57107659.18456222
6792,205395687.66186365
6793,54542583.733350344
6794,4402089.246800978
6795,4445127.089105383
6796,675801359.27425
6797,2663574.9117497625
6798,23940044.962994084
6799,1290413.2291859612
6800,25000838.802309215
6801,94171157.44136551
6802,10535770.774113415
6803,81297590.40481022
6804,177358.00015906792
6805,22551971.578580353
6806,9593075.324941916
6807,33248462.93678571
6808,3243151.209517041
6809,9975966.2058547
6810,1664137.9640054645
6811,82402091.5745152
6812,3446539.27108147
6813,153296316.5886729
6814,218132.54322685636
6815,756231.1702300281
6816,1673150.9236894501
6817,34625.34289826703
6818,38733.322084103784
6819,54741528.40895855
6820,49127555.91370548
6821,15059737.350534486
6822,10473008.752371414
6823,15838252.908578465
6824,67086278.024115175
6825,76954573.36419336
6826,5599125.216447183
6827,341777.4669641256
6828,32937.51691396457
6829,1918649.1581180892
6830,1563998.239382333
6831,68034274.11879916
6832,5735496.94844555
6833,496743.5800755845
6834,1993115.0357338067
6835,78782643.7979928
6836,701468.7617410927
6837,70750709.24465843
6838,685840.1594102053
6839,3496182.3971150564
6840,11989275.097455846
6841,12934332.318698699
6842,2175892.5865619616
6843,3195681.9952362524
6844,44546706.281573534
6845,11517828.485276675
6846,51824737.755349725
6847,2307332.317555179
6848,2716362.921208625
6849,1313815.5538418198
6850,67049183.17673967
6851,106831823.16320048
6852,5921697.4365342455
6853,6493848.53722293
6854,9199398.11816825
6855,31138073.666981835
6856,251021.98658257807
6857,20107325.841749184
6858,1600933.131912948
6859,36675138.16049534
6860,6606316.734410455
6861,53623342.04061921
6862,18354204.167874657
6863,162208955.45137224
6864,1026892.3343956484
6865,3092208.0837862557
6866,62178053.73571734
6867,23689195.50785325
6868,1559906529.4844162
6869,37873830.60186824
6870,184155.92151317804
6871,31308112.329270396
6872,168545.61928669384
6873,16393503.100892147
6874,45970476.08123707
6875,2453127.176463436
6876,11293322.628606128
6877,27830210.826219082
6878,1489191.8360362623
6879,1908206.3432120855
6880,835473.3261954022
6881,1611779.527177149
6882,80795166.95811243
6883,81627342.31121556
6884,13495195.559278907
6885,5199152.703684951
6886,741142.2778391886
6887,3578964.329468363
6888,120402055.67017351
6889,3316678.477148757
6890,8063072.729992364
6891,44204084.586610794
6892,136570515.58960703
6893,109968500.97918443
6894,12292528.861950165
6895,1417336.1814581198
6896,1866250.8226232703
6897,419663.10259634175
6898,4340030.503639211
6899,4214994.620941256
6900,29649387.62594049
6901,47722463.52303925
6902,1218723.7782718944
6903,26343427.782780457
6904,120121244.17650108
6905,28656760.35725225
6906,206784756.56558788
6907,8477519.017532654
6908,15123427.384752546
6909,557553.5023747509
6910,5942827.697323035
6911,4505133.866504439
6912,6498623.415669277
6913,386088563.101046
6914,173768459.38373205
6915,19343833.721719567
6916,14072625.526909105
6917,1173438532.044382
6918,28506818.70352225
6919,984737.3493181168
6920,36992580.753243536
6921,244071676.63590944
6922,8003421.72409713
6923,4970294.417118554
6924,206892.03583339942
6925,13258159.599308627
6926,2127791.5018735686
6927,108974.82548786589
6928,14113021.534095807
6929,78421558.52680682
6930,114839632.0100127
6931,4599872.724543824
6932,1000402.9626412134
6933,6962497.633528171
6934,82781359.55203618
6935,759946.7994102131
6936,7525741.084243003
6937,62561931.78776911
6938,2046103.9190037798
6939,389072.69969548937
6940,35406474.21058605
6941,52652066.893810816
6942,6394000.80649541
6943,3713556.10589188
6944,126180539.7550616
6945,4741223.723972289
6946,37545180.587168425
6947,5755507.987828944
6948,34861933.975244045
6949,60400658.10757312
6950,607133175.368078
6951,124967.56321611429
6952,4875462.074099683
6953,11399754.51171628
6954,8433908.133479934
6955,95420083.60695486
6956,1141424.3520968857
6957,1316813.7424319712
6958,214099.1837686626
6959,8357556.1907686405
6960,30361395.422312457
6961,4731193.160940433
6962,91851253.72834371
6963,9930115.713518364
6964,33615953.03731695
6965,290019.44504114013
6966,71702794.74744911
6967,91366059.89416894
6968,1943286.0472208608
6969,1168494.6568464527
6970,7736748.184283746
6971,57437927.78478261
6972,526161.200700688
6973,51123784.67125626
6974,73101633.48326245
6975,10236567.245309994
6976,8464598.988763906
6977,5900418.229497582
6978,504957.7284817738
6979,109066750.41063909
6980,16399158.880356526
6981,5018059.212800571
6982,27107908.408821158
6983,6729513.007031453
6984,80720633.07650772
6985,228638857.95548207
6986,14457446.645789182
6987,947787.6744916211
6988,23166797.524091374
6989,3173134.941838756
6990,224696962.76617843
6991,4991791.092774738
6992,1417775.2041749866
6993,268887.33336832747
6994,26583.0355230884
6995,30306744.00206856
6996,112630839.13678883
6997,19669.08387425915
6998,6106937.657775902
6999,53313599.71071261
7000,1965360.9129875624
7001,1565243.0310273552
7002,709354.6319321991
7003,3366116.936027762
7004,10610251.890609
7005,437299.53147702373
7006,295096.7170444389
7007,1119800.0084895736
7008,45483369.59166036
7009,11122719.808098234
7010,11358106.827846354
7011,6250383.7093381705
7012,3084531.9629895515
7013,2674535.3427977595
7014,81411.3089644569
7015,278350838.5576234
7016,298724538.20076245
7017,26678427.759022646
7018,5372651.396836385
7019,54874869.330951706
7020,31594150.9492409
7021,4125639.0786581454
7022,34946421.33785598
7023,59743868.9209081
7024,6631285.544434527
7025,2474154.697647017
7026,62311378.535738945
7027,87322627.87466656
7028,5178902.1383795375
7029,29222411.306316793
7030,78726032.08863987
7031,44732946.862985075
7032,14601264.249614518
7033,1791679.3118666236
7034,632441.0574323577
7035,18216571.005122494
7036,3718836.3137684
7037,1320776.5007737395
7038,5626460.733825064
7039,59151719.68367448
7040,4049226.5577812823
7041,95715754.84664138
7042,80738275.6214118
7043,645623.3687084878
7044,21202657.44900734
7045,6697516.995779016
7046,103316903.67503682
7047,101317623.38958792
7048,886924.0629252306
7049,18441971.727053016
7050,79280.69535048363
7051,14513623.501606856
7052,58832654.79480836
7053,3437803.6708890563
7054,69306858.7163655
7055,134746194.62261888
7056,194988848.50749746
7057,19905301.20377773
7058,5582778.917074508
7059,11836480.963571081
7060,5242733.409065833
7061,9830688.989615947
7062,48727372.62518723
7063,351002.01746502344
7064,133952827.03371295
7065,28240941.88122159
7066,2738125.098016004
7067,174259.00254655632
7068,72353908.55462666
7069,1003414.1646433114
7070,97494706.96533515
7071,338216675.1045649
7072,181555.7263201877
7073,12086612.825994575
7074,3187521.8223440135
7075,45679727.31802561
7076,52852979.4220767
7077,13841279.103709545
7078,82851668.54311633
7079,184229.24058798852
7080,9670820.934679542
7081,2182712.5680000624
7082,138374.9583638876
7083,195566.70402925627
7084,17914691.60910198
7085,7267499.111846366
7086,333735.07555739005
7087,130914054.50246273
7088,80895164.67859842
7089,3799663.672079993
7090,3805435.382758465
7091,6027274.069750443
7092,129760814.33170535
7093,19399860.384660266
7094,43020535.897373185
7095,1172534.0159922694
7096,9815905.577985434
7097,95095149.13872176
7098,15666235.24154391
7099,128783358.81376915
7100,17777657.710857157
7101,9626776.217398666
7102,657771.7858007451
7103,3613162.769260681
7104,6355401.969835295
7105,14071561.958011564
7106,27193887.288819615
7107,54291297.020533174
7108,334682.9574731625
7109,48671010.72080478
7110,225414.77505094395
7111,1711359.8284495783
7112,81313471.73377971
7113,137759571.33951735
7114,4972878.233748029
7115,7290810.016757522
7116,5648286.579958101
7117,62505.30085763286
7118,13828937.85755536
7119,13069494.585592968
7120,402840.74155546544
7121,3116105.8844127515
7122,398200.5461370336
7123,1082639.319110439
7124,307098692.33258325
7125,13286499.619336283
7126,167134899.65550432
7127,73488066.86228734
7128,583023.4398881316
7129,10568922.065775163
7130,784676.6883800562
7131,4964648.106340128
7132,34675871.47657724
7133,65629458.29548997
7134,42798432.07126396
7135,56390707.30529143
7136,26780972.20851815
7137,14995128.362121869
7138,11015662.81224963
7139,335943.5569800588
7140,178899153.39770016
7141,170822.0245887427
7142,13952057.957388123
7143,42045823.26855203
7144,1957486.48958601
7145,23488473.30723742
7146,443104.89347991406
7147,52073731.16055093
7148,3186311.2772725685
7149,4164534.963486349
7150,86500.37561792627
7151,13312359.353260575
7152,18276282.078922477
7153,156425.55005352217
7154,69912465.23713249
7155,84010190.84222707
7156,13517065.230170485
7157,62371691.72523689
7158,201597.06606427
7159,1340225.5898114517
7160,608276.8844828461
7161,78108442.38508093
7162,242715039.1249237
7163,4461282.7704904545
7164,465030.11392535496
7165,110156894.61852565
7166,3266964.573080811
7167,271250.9683215079
7168,705535.841254596
7169,3656935.5942979376
7170,5488453.342848362
7171,2474614.0278021237
7172,895164.3976033619
7173,4289271.686143063
7174,351950.82804556226
7175,745635.6322010275
7176,15757760.34918705
7177,90919013.06422898
7178,27063170.94877101
7179,91017354.35091038
7180,265497.9406768611
7181,3885564.5415454255
7182,89646059.63052517
7183,272354.96314823517
7184,1058036473.8639191
7185,10764374.731011901
7186,28930896.9121154
7187,17938694.71746145
7188,35665606.95376773
7189,8642880.096300138
7190,1626035.983665843
7191,270762.1169853143
7192,26455065.913465284
7193,7248956.725424258
7194,291924644.5225161
7195,15070248.237618105
7196,30974640.475613013
7197,14278524.537213882
7198,6982965.46233287
7199,2446942.1825784235
7200,42332257.07752066
7201,4179410.4621805195
7202,19941930.513970178
7203,86904.9302227224
7204,26697743.040995646
7205,266606516.52792776
7206,118523539.58393629
7207,288600670.55590767
7208,1320787.8063967775
7209,12315573.967230832
7210,254395.24350642375
7211,32791.643277651565
7212,17086649.602325335
7213,30884000.357752223
7214,90887919.92803794
7215,8330549.676642099
7216,91691297.48721728
7217,583718.939103471
7218,30355509.617908563
7219,5594883.421433544
7220,46261853.04740797
7221,7984458.657609169
7222,3771543.2493953826
7223,5451369.978614552
7224,9268174.875430116
7225,30515.60640377826
7226,20038440.112714734
7227,126832796.52243413
7228,15260441.774651768
7229,8126299.303416447
7230,1480914.6923864228
7231,3328310.4810769605
7232,202368614.88307136
7233,267244794.632296
7234,77819038.75911677
7235,11169074.041179141
7236,72839708.61644101
7237,6562368.860144896
7238,1696625.9696301774
7239,829425203.1581651
7240,2508567.6160002286
7241,267548664.02769667
7242,28401305.02372179
7243,644225.8032361316
7244,33964654.41907462
7245,238879.0917071364
7246,150331.95238934955
7247,91447844.89767392
7248,37695159.56137553
7249,2035129.7530729673
7250,364505.83710036596
7251,17448606.513425436
7252,16314619.101634044
7253,1883451.2869282754
7254,73611776.4996988
7255,169285.55196569808
7256,8654564.1616379
7257,9315608.07206255
7258,41566436.530731365
7259,3753459.5252441512
7260,130012.21441854276
7261,320215123.55896
7262,117660.39871176897
7263,94847118.59595776
7264,12412564.244231641
7265,2184161.3213350787
7266,19083908.539313775
7267,375823.5573272982
7268,1534978.448714112
7269,59631289.29462512
7270,191146975.47525996
7271,1997348.9687497716
7272,2587917.0996883404
7273,2497712.2406708514
7274,1190505.8595128283
7275,8058674.027901378
7276,2038229.9264713207
7277,193637054.66221222
7278,122581982.14335488
7279,122674216.36129749
7280,34380997.422717616
7281,58738676.00403629
7282,49415809.88593233
7283,46648353.59288097
7284,132384.4111981375
7285,17853849.553054195
7286,125348902.29014291
7287,4479646.647408968
7288,5871736.750040629
7289,77874491.49933606
7290,25162074.052956667
7291,23686727.309869263
7292,1296144.5300387987
7293,16335292.96372054
7294,9455239.874572327
7295,73232630.04657792
7296,112090.84735466146
7297,21388899.58903675
7298,7304092.691979617
7299,5460637.164927272
7300,7468748.866358887
7301,10340432.0930692
7302,2645328.9984976975
7303,1199626.0815739955
7304,15724283.380862664
7305,1100837.0687210222
7306,405689658.2981525
7307,504021.79065321886
7308,1962664.7301894636
7309,8792885.362591328
7310,5062186.8357757935
7311,1719203.532404161
7312,37571491.235313185
7313,61994641.12097909
7314,3417693.712105923
7315,656502.6594099846
7316,680443.682581132
7317,3745555.0554735414
7318,104922274.63725497
7319,819480.5919678436
7320,74989192.83786507
7321,25296.32160193157
7322,314457.54354875634
7323,64754002.501885615
7324,4209368.010182706
7325,179246624.84506762
7326,245366589.84819728
7327,1254748.818681987
7328,50749314.30447884
7329,136071238.7906603
7330,317026723.8336038
7331,66332184.056665815
7332,31634759.284710944
7333,59264057.20372766
7334,2710919.651835374
7335,47494230.393489026
7336,11552938.193430765
7337,2946414.2316078963
7338,29045060.978672914
7339,43274462.68316872
7340,12778118.45448283
7341,174339.00536322917
7342,40938335.28063933
7343,7992606.147298969
7344,3824691.201503585
7345,3965145.2299123174
7346,1658579.8833253211
7347,31980979.773292273
7348,112478.72600356929
7349,29362487.54183533
7350,15500135.050290449
7351,42471860.314267196
7352,56506.19187661672
7353,9522929.641029255
7354,23646.684743721682
7355,43099926.04389601
7356,32365398.777040564
7357,2138610.99655994
7358,13261755.737452284
7359,72495659.8397646
7360,23751654.19275004
7361,81021.02134282376
7362,120487096.67896731
7363,678971387.7134061
7364,52997.53251763672
7365,59380852.83137953
7366,17993659.835062742
7367,2520514.594890626
7368,24795664.053721208
7369,6325388.74267047
7370,34557462.54167596
7371,84959.66405209182
7372,70422548.88714775
7373,249010608.67910472
7374,9634272.181784064
7375,80301314.48663895
7376,225577.151103354
7377,12792557.223593015
7378,25686503.173565857
7379,33176315.028816484
7380,3248266.4915052406
7381,600105.5610747599
7382,4466180.185741885
7383,912021.1838163678
7384,11586618.355112998
7385,38000937.724116996
7386,61751139.72572144
7387,2457746.817673666
7388,1465154.8957715926
7389,412942.9895745234
7390,296567.1181181429
7391,1240118.8084723097
7392,10023815.210656838
7393,589274068.0986427
7394,80408815.82776648
7395,15852372.014745679
7396,44879449.97959854
7397,8566705.632643515
7398,780664.7048752801
